Date,Week,Product_ID,Product_Category,Supplier_ID,Demand_Forecast,Actual_Demand,Demand_Forecast_Error_Pct,Inventory_Level,Safety_Stock,Reorder_Point,Excess_Inventory_Flag,Days_of_Supply,Lead_Time,Stockout_Flag,Fill_Rate,Holding_Cost,Lost_Sales_Cost,Delivery_Delay,Transportation_Mode,Weather_Event,Disruption_Type,Tariff_Impact,Warehouse_Zone,Order_Priority,Production_Downtime,Inventory_Turns,Supplier_Quality,Supplier_Rating,Customer_Satisfaction_Score,Service_Level_Category
2023-01-02,1,PROD_001,Electronics,SUP_A2,255,255,0.0,816,126,1146,0,22.4,4,0,1.0,2040.0,0,0,Road,None,None,0,South,Medium,0,0.27,0.92,5,5.0,Excellent
2023-01-09,2,PROD_001,Electronics,SUP_A3,301,324,7.64,1905,167,1672,0,41.2,5,0,1.0,4762.5,0,0,Sea,None,None,0,West,Low,0,0.24,1.0,1,4.7,Excellent
2023-01-16,3,PROD_001,Electronics,SUP_A1,296,330,11.49,1575,164,1644,0,33.4,5,0,1.0,3937.5,0,0,Rail,None,None,0,North,Low,0,0.19,0.89,3,5.0,Excellent
2023-01-23,4,PROD_001,Electronics,SUP_A2,306,344,12.42,1231,151,1375,0,25.0,4,0,1.0,3077.5,0,0,Rail,None,None,0,North,Critical,0,0.25,0.85,1,5.0,Excellent
2023-01-30,5,PROD_001,Electronics,SUP_A3,321,385,19.94,846,178,1783,0,15.4,5,0,1.0,2115.0,0,0,Road,None,None,0,South,Low,0,0.37,0.86,1,5.0,Excellent
2023-02-06,6,PROD_001,Electronics,SUP_A1,255,284,11.37,562,89,599,0,13.9,2,0,1.0,1405.0,0,0,Air,None,None,0,West,Medium,0,0.4,1.0,2,5.0,Excellent
2023-02-13,7,PROD_001,Electronics,SUP_A2,384,397,3.39,1620,213,2133,0,28.6,5,0,1.0,4050.0,0,0,Road,None,None,0,North,Low,0,0.36,0.86,5,5.0,Excellent
2023-02-20,8,PROD_001,Electronics,SUP_A3,372,389,4.57,1231,130,874,0,22.2,2,0,1.0,3077.5,0,0,Road,None,None,0,West,Low,0,0.27,0.87,5,5.0,Excellent
2023-02-27,9,PROD_001,Electronics,SUP_A1,245,292,19.18,939,121,1101,0,22.5,4,0,1.0,2347.5,0,4,Rail,None,Port_Congestion,0,South,High,0,0.27,0.96,3,5.0,Excellent
2023-03-06,10,PROD_001,Electronics,SUP_A2,303,332,9.57,607,168,1683,0,12.8,5,0,1.0,1517.5,0,0,Rail,None,None,0,West,Low,0,0.43,0.92,1,4.7,Excellent
2023-03-13,11,PROD_001,Electronics,SUP_A3,472,425,-9.96,1395,165,1109,0,23.0,2,0,1.0,3487.5,0,0,Air,None,None,0,East,High,0,0.42,0.91,3,5.0,Excellent
2023-03-20,12,PROD_001,Electronics,SUP_A1,343,348,1.46,1047,170,1542,0,21.1,4,0,1.0,2617.5,0,0,Sea,None,None,0,South,Low,0,0.29,0.85,1,5.0,Excellent
2023-03-27,13,PROD_001,Electronics,SUP_A2,333,394,18.32,653,117,783,0,11.6,2,0,1.0,1632.5,0,0,Road,None,None,0,South,Medium,0,0.46,0.88,3,5.0,Excellent
2023-04-03,14,PROD_001,Electronics,SUP_A3,430,404,-6.05,1382,238,2388,0,23.9,5,0,1.0,3455.0,0,0,Road,None,None,0,North,Low,0,0.4,0.88,3,4.7,Excellent
2023-04-10,15,PROD_001,Electronics,SUP_A1,311,342,9.97,1040,133,1066,0,21.3,3,0,1.0,2600.0,0,0,Road,None,None,0,East,High,7,0.28,0.85,5,4.8,Excellent
2023-04-17,16,PROD_001,Electronics,SUP_A2,271,303,11.81,737,150,1505,0,17.0,5,0,1.0,1842.5,0,0,Road,None,None,0,North,Low,0,0.34,0.89,3,5.0,Excellent
2023-04-24,17,PROD_001,Electronics,SUP_A3,314,337,7.32,1841,206,2404,0,38.2,7,0,1.0,4602.5,0,4,Sea,Storm,Storm,0,East,Low,0,0.26,0.92,1,4.2,Warning
2023-05-01,18,PROD_001,Electronics,SUP_A1,448,368,-17.86,1473,157,1053,0,28.0,2,0,1.0,3682.5,0,0,Air,None,None,0,West,Low,0,0.22,0.9,1,5.0,Excellent
2023-05-08,19,PROD_001,Electronics,SUP_A2,357,458,28.29,1015,177,1605,0,15.5,4,0,1.0,2537.5,0,0,Road,None,None,0,North,Low,0,0.37,0.96,3,5.0,Excellent
2023-05-15,20,PROD_001,Electronics,SUP_A3,457,423,-7.44,592,253,2538,0,9.8,5,0,1.0,1480.0,0,0,Road,None,None,0,North,Low,0,0.53,0.97,1,5.0,Excellent
2023-05-22,21,PROD_001,Electronics,SUP_A1,342,324,-5.26,1687,169,1537,0,36.4,4,0,1.0,4217.5,0,0,Rail,None,None,0,North,Medium,0,0.28,0.97,4,5.0,Excellent
2023-05-29,22,PROD_001,Electronics,SUP_A2,241,358,48.55,1329,119,1083,0,26.0,4,0,1.0,3322.5,0,0,Road,None,None,0,South,Low,0,0.24,0.9,1,4.9,Excellent
2023-06-05,23,PROD_001,Electronics,SUP_A3,301,369,22.59,960,105,707,0,18.2,2,0,1.0,2400.0,0,0,Air,None,None,0,North,Low,11,0.32,0.93,1,5.0,Excellent
2023-06-12,24,PROD_001,Electronics,SUP_A1,346,332,-4.05,628,171,1555,0,13.2,4,0,1.0,1570.0,0,0,Road,None,None,0,North,High,0,0.42,0.96,3,4.9,Excellent
2023-06-19,25,PROD_001,Electronics,SUP_A2,271,276,1.85,1807,150,1505,0,45.8,5,0,1.0,4517.5,0,0,Road,None,None,0,North,Low,0,0.23,0.94,3,4.9,Excellent
2023-06-26,26,PROD_001,Electronics,SUP_A3,393,394,0.25,1413,138,924,0,25.1,2,0,1.0,3532.5,0,0,Road,None,None,0,West,Low,0,0.24,0.88,4,4.9,Excellent
2023-07-03,27,PROD_001,Electronics,SUP_A1,310,358,15.48,1055,172,1722,0,20.6,5,0,1.0,2637.5,0,0,Road,None,None,0,South,Medium,0,0.29,0.94,4,5.0,Excellent
2023-07-10,28,PROD_001,Electronics,SUP_A2,300,326,8.67,729,129,1029,0,15.7,3,0,1.0,1822.5,0,0,Rail,None,None,0,North,Medium,0,0.37,0.9,1,4.9,Excellent
2023-07-17,29,PROD_001,Electronics,SUP_A3,195,272,39.49,1460,68,458,1,37.6,2,0,1.0,3650.0,0,0,Air,None,None,0,North,Critical,0,0.25,0.86,4,5.0,Excellent
2023-07-24,30,PROD_001,Electronics,SUP_A1,286,280,-2.1,1180,142,1286,0,29.5,4,0,1.0,2950.0,0,2,Road,Storm,Storm,0,West,Critical,4,0.21,0.93,3,4.4,Good
2023-07-31,31,PROD_001,Electronics,SUP_A2,255,233,-8.63,947,89,599,0,28.5,2,0,1.0,2367.5,0,0,Road,None,None,0,West,Critical,1,0.22,0.91,2,5.0,Excellent
2023-08-07,32,PROD_001,Electronics,SUP_A3,237,191,-19.41,756,102,813,0,27.7,3,0,1.0,1890.0,0,0,Road,None,None,0,South,High,0,0.22,0.98,1,4.9,Excellent
2023-08-14,33,PROD_001,Electronics,SUP_A1,126,173,37.3,583,62,566,0,23.6,4,0,1.0,1457.5,0,0,Road,None,None,0,North,Low,3,0.26,0.89,5,5.0,Excellent
2023-08-21,34,PROD_001,Electronics,SUP_A2,192,208,8.33,1745,106,1066,0,58.7,5,0,1.0,4362.5,0,0,Sea,None,None,0,North,Medium,0,0.18,0.94,3,5.0,Excellent
2023-08-28,35,PROD_001,Electronics,SUP_A3,231,238,3.03,1507,99,792,0,44.3,3,0,1.0,3767.5,0,0,Sea,None,None,0,North,Low,0,0.15,0.97,3,5.0,Excellent
2023-09-04,36,PROD_001,Electronics,SUP_A1,266,287,7.89,1220,114,912,0,29.8,3,0,1.0,3050.0,0,0,Sea,None,None,0,South,Low,0,0.21,0.93,4,4.7,Excellent
2023-09-11,37,PROD_001,Electronics,SUP_A2,237,276,16.46,944,131,1316,0,23.9,5,0,1.0,2360.0,0,0,Road,None,None,0,East,Low,0,0.26,0.96,2,5.0,Excellent
2023-09-18,38,PROD_001,Electronics,SUP_A3,268,311,16.04,633,115,919,0,14.2,3,0,1.0,1582.5,0,0,Road,None,None,0,West,Low,8,0.39,0.87,2,5.0,Excellent
2023-09-25,39,PROD_001,Electronics,SUP_A1,242,231,-4.55,1590,120,1088,0,48.2,4,0,1.0,3975.0,0,0,Rail,None,None,0,West,Medium,0,0.21,0.92,5,5.0,Excellent
2023-10-02,40,PROD_001,Electronics,SUP_A2,168,188,11.9,1402,72,576,1,52.2,3,0,1.0,3505.0,0,1,Road,None,Tariff_Hike,1,West,Low,9,0.13,0.98,4,5.0,Excellent
2023-10-09,41,PROD_001,Electronics,SUP_A3,230,196,-14.78,1206,81,541,1,43.1,2,0,1.0,3015.0,0,0,Air,None,None,0,West,Critical,0,0.15,0.91,2,4.9,Excellent
2023-10-16,42,PROD_001,Electronics,SUP_A1,226,299,32.3,907,79,531,0,21.2,2,0,1.0,2267.5,0,0,Air,None,None,0,South,Low,6,0.28,0.93,5,5.0,Excellent
2023-10-23,43,PROD_001,Electronics,SUP_A2,206,234,13.59,673,114,1144,0,20.1,5,0,1.0,1682.5,0,0,Road,Rain,Rain,0,East,Medium,0,0.3,0.95,3,5.0,Excellent
2023-10-30,44,PROD_001,Electronics,SUP_A3,290,258,-11.03,1479,190,2220,0,40.1,7,0,1.0,3697.5,0,4,Rail,Storm,Storm,0,North,Low,0,0.24,0.88,5,4.1,Warning
2023-11-06,45,PROD_001,Electronics,SUP_A1,217,255,17.51,1224,120,1205,0,33.6,5,0,1.0,3060.0,0,0,Road,None,None,0,North,Low,0,0.19,0.91,2,4.9,Excellent
2023-11-13,46,PROD_001,Electronics,SUP_A2,326,345,5.83,879,161,1465,0,17.8,4,0,1.0,2197.5,0,0,Rail,None,None,0,West,Medium,0,0.33,0.98,4,5.0,Excellent
2023-11-20,47,PROD_001,Electronics,SUP_A3,240,283,17.92,596,84,564,0,14.7,2,0,1.0,1490.0,0,0,Air,None,None,0,West,Low,0,0.38,0.96,4,5.0,Excellent
2023-11-27,48,PROD_001,Electronics,SUP_A1,301,272,-9.63,1591,105,707,1,40.9,2,0,1.0,3977.5,0,5,Air,None,Tariff_Hike,1,South,Low,0,0.25,0.96,3,4.9,Excellent
2023-12-04,49,PROD_001,Electronics,SUP_A2,138,149,7.97,1442,68,620,1,67.7,4,0,1.0,3605.0,0,0,Rail,None,None,0,North,Critical,0,0.1,0.91,4,4.9,Excellent
2023-12-11,50,PROD_001,Electronics,SUP_A3,276,297,7.61,1145,181,2113,0,27.0,7,0,1.0,2862.5,0,3,Sea,Storm,Storm,0,West,Low,0,0.23,0.94,5,4.3,Warning
2023-12-18,51,PROD_001,Electronics,SUP_A1,362,348,-3.87,797,127,851,0,16.0,2,0,1.0,1992.5,0,0,Road,None,None,0,North,Medium,9,0.36,0.87,5,4.7,Excellent
2023-12-25,52,PROD_001,Electronics,SUP_A2,367,316,-13.9,1811,203,2038,0,40.1,5,0,1.0,4527.5,0,0,Rail,None,None,0,East,Medium,0,0.24,0.95,2,4.8,Excellent
2024-01-01,53,PROD_001,Electronics,SUP_A3,209,237,13.4,1574,103,939,0,46.5,4,0,1.0,3935.0,0,0,Sea,None,None,0,West,Medium,0,0.14,0.96,5,4.8,Excellent
2024-01-08,54,PROD_001,Electronics,SUP_A1,177,246,38.98,1328,88,796,0,37.8,4,0,1.0,3320.0,0,0,Sea,None,None,0,East,High,0,0.17,0.99,5,4.8,Excellent
2024-01-15,55,PROD_001,Electronics,SUP_A2,185,210,13.51,1118,79,634,0,37.3,3,0,1.0,2795.0,0,0,Rail,None,None,0,South,Low,0,0.17,0.99,3,5.0,Excellent
2024-01-22,56,PROD_001,Electronics,SUP_A3,301,352,16.94,766,105,707,0,15.2,2,0,1.0,1915.0,0,0,Road,None,None,0,West,Low,0,0.37,0.89,1,5.0,Excellent
2024-01-29,57,PROD_001,Electronics,SUP_A1,249,215,-13.65,551,87,585,0,17.9,2,0,1.0,1377.5,0,0,Air,None,None,0,East,Low,4,0.33,1.0,5,5.0,Excellent
2024-02-05,58,PROD_001,Electronics,SUP_A2,337,343,1.78,1354,221,2580,0,27.6,7,0,1.0,3385.0,0,4,Sea,Storm,Storm,0,West,Medium,0,0.36,0.94,1,4.0,Warning
2024-02-12,59,PROD_001,Electronics,SUP_A3,365,376,3.01,978,256,3176,0,18.2,8,0,1.0,2445.0,0,3,Sea,Storm,Storm,0,West,Low,0,0.32,0.92,4,4.6,Warning
2024-02-19,60,PROD_001,Electronics,SUP_A1,223,257,15.25,721,123,1238,0,19.6,5,0,1.0,1802.5,0,0,Road,None,None,0,North,Critical,0,0.3,0.9,4,5.0,Excellent
2024-02-26,61,PROD_001,Electronics,SUP_A2,255,336,31.76,1845,89,599,1,38.4,2,0,1.0,4612.5,0,0,Air,None,None,0,West,High,0,0.26,0.87,3,5.0,Excellent
2024-03-04,62,PROD_001,Electronics,SUP_A3,396,411,3.79,1434,170,1358,0,24.4,3,0,1.0,3585.0,0,0,Road,None,None,0,South,Low,0,0.25,0.98,5,5.0,Excellent
2024-03-11,63,PROD_001,Electronics,SUP_A1,326,390,19.63,1044,140,1118,0,18.7,3,0,1.0,2610.0,0,0,Sea,None,None,0,East,High,0,0.31,0.97,1,4.8,Excellent
2024-03-18,64,PROD_001,Electronics,SUP_A2,349,388,11.17,656,122,820,0,11.8,2,0,1.0,1640.0,0,0,Air,None,None,0,South,Medium,0,0.46,1.0,5,5.0,Excellent
2024-03-25,65,PROD_001,Electronics,SUP_A3,362,355,-1.93,1378,127,851,0,27.2,2,0,1.0,3445.0,0,0,Air,None,None,0,West,Low,0,0.35,0.99,5,5.0,Excellent
2024-04-01,66,PROD_001,Electronics,SUP_A1,336,300,-10.71,1078,144,1152,0,25.2,3,0,1.0,2695.0,0,0,Rail,None,None,0,South,Medium,0,0.24,0.92,3,5.0,Excellent
2024-04-08,67,PROD_001,Electronics,SUP_A2,428,395,-7.71,683,212,1924,0,12.1,4,0,1.0,1707.5,0,0,Road,None,None,0,East,Medium,0,0.45,0.96,5,5.0,Excellent
2024-04-15,68,PROD_001,Electronics,SUP_A3,333,425,27.63,1543,165,1497,0,25.4,4,0,1.0,3857.5,0,0,Sea,None,None,0,East,Medium,0,0.38,0.99,4,5.0,Excellent
2024-04-22,69,PROD_001,Electronics,SUP_A1,371,449,21.02,1094,130,872,0,17.1,2,0,1.0,2735.0,0,0,Air,None,None,0,West,Critical,0,0.34,0.97,2,4.9,Excellent
2024-04-29,70,PROD_001,Electronics,SUP_A2,320,287,-10.31,807,158,1438,0,19.7,4,0,1.0,2017.5,0,0,Sea,None,None,0,West,Medium,0,0.3,0.89,3,4.9,Excellent
2024-05-06,71,PROD_001,Electronics,SUP_A3,306,302,-1.31,505,151,1375,0,11.7,4,0,1.0,1262.5,0,0,Rail,None,None,0,South,Medium,0,0.46,0.98,3,4.9,Excellent
2024-05-13,72,PROD_001,Electronics,SUP_A1,340,381,12.06,1589,119,799,0,29.2,2,0,1.0,3972.5,0,0,Air,None,None,0,South,Medium,0,0.36,0.85,1,4.9,Excellent
2024-05-20,73,PROD_001,Electronics,SUP_A2,237,346,45.99,1243,83,557,1,25.1,2,0,1.0,3107.5,0,0,Air,None,None,0,East,Medium,0,0.24,0.86,1,4.9,Excellent
2024-05-27,74,PROD_001,Electronics,SUP_A3,333,377,13.21,866,117,783,0,16.1,2,0,1.0,2165.0,0,3,Road,None,Port_Congestion,0,South,High,0,0.36,1.0,2,5.0,Excellent
2024-06-03,75,PROD_001,Electronics,SUP_A1,311,369,18.65,1607,154,1398,0,30.5,4,0,1.0,4017.5,0,0,Rail,None,None,0,East,High,0,0.3,0.93,5,5.0,Excellent
2024-06-10,76,PROD_001,Electronics,SUP_A2,226,277,22.57,1330,97,775,0,33.6,3,0,1.0,3325.0,0,0,Rail,None,None,0,West,Low,0,0.19,0.93,1,4.9,Excellent
2024-06-17,77,PROD_001,Electronics,SUP_A3,211,273,29.38,1057,90,723,0,27.1,3,0,1.0,2642.5,0,0,Rail,None,None,0,South,Medium,0,0.23,0.97,5,4.8,Excellent
2024-06-24,78,PROD_001,Electronics,SUP_A1,376,374,-0.53,683,186,1690,0,12.8,4,0,1.0,1707.5,0,0,Road,None,None,0,South,Low,0,0.43,0.91,5,5.0,Excellent
2024-07-01,79,PROD_001,Electronics,SUP_A2,208,288,38.46,1848,73,489,1,44.9,2,0,1.0,4620.0,0,0,Air,None,None,0,West,Low,0,0.23,0.85,5,4.9,Excellent
2024-07-08,80,PROD_001,Electronics,SUP_A3,308,319,3.57,1529,132,1056,0,33.6,3,0,1.0,3822.5,0,0,Road,None,None,0,East,High,0,0.19,0.89,3,5.0,Excellent
2024-07-15,81,PROD_001,Electronics,SUP_A1,199,187,-6.03,1342,85,682,0,50.2,3,0,1.0,3355.0,0,0,Sea,None,None,0,North,Medium,0,0.13,1.0,4,5.0,Excellent
2024-07-22,82,PROD_001,Electronics,SUP_A2,346,354,2.31,988,148,1186,0,19.5,3,0,1.0,2470.0,0,0,Rail,None,None,0,East,Critical,0,0.3,0.94,3,4.7,Excellent
2024-07-29,83,PROD_001,Electronics,SUP_A3,217,246,13.36,742,107,975,0,21.1,4,0,1.0,1855.0,0,0,Road,None,None,0,North,Low,0,0.28,0.93,2,5.0,Excellent
2024-08-05,84,PROD_001,Electronics,SUP_A1,189,243,28.57,1536,81,648,1,44.2,3,0,1.0,3840.0,0,0,Road,None,None,0,South,High,0,0.21,0.87,5,5.0,Excellent
2024-08-12,85,PROD_001,Electronics,SUP_A2,153,214,39.87,1322,85,850,0,43.2,5,0,1.0,3305.0,0,0,Road,Rain,Rain,0,South,Low,0,0.15,0.94,5,4.9,Excellent
2024-08-19,86,PROD_001,Electronics,SUP_A3,265,259,-2.26,1063,131,1191,0,28.7,4,0,1.0,2657.5,0,0,Road,None,None,0,South,Critical,0,0.22,0.95,2,4.9,Excellent
2024-08-26,87,PROD_001,Electronics,SUP_A1,258,289,12.02,774,111,885,0,18.7,3,0,1.0,1935.0,0,0,Rail,None,None,0,East,Low,0,0.31,0.98,5,5.0,Excellent
2024-09-02,88,PROD_001,Electronics,SUP_A2,165,132,-20.0,642,71,566,0,34.0,3,0,1.0,1605.0,0,2,Rail,None,Tariff_Hike,1,East,Medium,0,0.19,0.93,3,5.0,Excellent
2024-09-09,89,PROD_001,Electronics,SUP_A3,186,148,-20.43,1941,92,836,1,91.8,4,0,1.0,4852.5,0,0,Sea,None,None,0,North,High,0,0.11,0.94,4,5.0,Excellent
2024-09-16,90,PROD_001,Electronics,SUP_A1,153,197,28.76,1744,76,688,1,62.0,4,0,1.0,4360.0,0,0,Road,None,None,0,East,Medium,0,0.11,0.87,4,5.0,Excellent
2024-09-23,91,PROD_001,Electronics,SUP_A2,199,199,0.0,1545,99,895,0,54.3,4,0,1.0,3862.5,0,0,Road,None,None,0,North,Low,0,0.12,0.98,4,5.0,Excellent
2024-09-30,92,PROD_001,Electronics,SUP_A3,71,91,28.17,1454,35,319,1,111.8,4,0,1.0,3635.0,0,3,Rail,None,Port_Congestion,0,East,Medium,0,0.06,0.95,3,4.8,Excellent
2024-10-07,93,PROD_001,Electronics,SUP_A1,140,169,20.71,1285,60,480,1,53.2,3,0,1.0,3212.5,0,0,Rail,Rain,Rain,0,North,Critical,0,0.12,0.88,2,4.7,Excellent
2024-10-14,94,PROD_001,Electronics,SUP_A2,217,268,23.5,1017,120,1205,0,26.6,5,0,1.0,2542.5,0,0,Rail,None,None,0,North,High,9,0.23,0.93,4,4.9,Excellent
2024-10-21,95,PROD_001,Electronics,SUP_A3,359,322,-10.31,695,126,844,0,15.1,2,0,1.0,1737.5,0,0,Road,None,None,0,South,Critical,0,0.38,0.87,1,5.0,Excellent
2024-10-28,96,PROD_001,Electronics,SUP_A1,172,202,17.44,1912,60,404,1,66.3,2,0,1.0,4780.0,0,0,Air,None,None,0,North,Medium,0,0.15,0.9,3,5.0,Excellent
2024-11-04,97,PROD_001,Electronics,SUP_A2,215,199,-7.44,1713,92,737,1,60.3,3,0,1.0,4282.5,0,0,Rail,None,None,0,South,Medium,0,0.11,0.9,4,4.9,Excellent
2024-11-11,98,PROD_001,Electronics,SUP_A3,50,168,236.0,1545,28,278,1,64.4,5,0,1.0,3862.5,0,0,Road,Rain,Rain,0,North,Critical,0,0.1,0.88,4,5.0,Excellent
2024-11-18,99,PROD_001,Electronics,SUP_A1,109,118,8.26,1427,38,256,1,84.7,2,0,1.0,3567.5,0,0,Air,Rain,Rain,0,North,Medium,4,0.08,0.97,3,5.0,Excellent
2024-11-25,100,PROD_001,Electronics,SUP_A2,191,248,29.84,1179,67,449,1,33.3,2,0,1.0,2947.5,0,0,Air,None,None,0,East,Low,0,0.19,0.88,1,5.0,Excellent
2024-12-02,101,PROD_001,Electronics,SUP_A3,259,279,7.72,900,91,609,0,22.6,2,0,1.0,2250.0,0,0,Air,None,None,0,South,Medium,0,0.27,0.94,5,5.0,Excellent
2024-12-09,102,PROD_001,Electronics,SUP_A1,274,331,20.8,569,117,939,0,12.0,3,0,1.0,1422.5,0,2,Rail,None,Tariff_Hike,1,West,Medium,0,0.45,0.92,2,4.9,Excellent
2024-12-16,103,PROD_001,Electronics,SUP_A2,276,302,9.42,1625,118,946,0,37.7,3,0,1.0,4062.5,0,0,Road,None,None,0,West,Medium,11,0.28,0.89,2,4.9,Excellent
2024-12-23,104,PROD_001,Electronics,SUP_A3,377,344,-8.75,1281,187,1695,0,26.1,4,0,1.0,3202.5,0,0,Rail,None,None,0,North,Medium,0,0.24,0.89,3,5.0,Excellent
2023-01-02,1,PROD_002,FMCG,SUP_B2,402,433,7.71,1170,172,1378,0,18.9,3,0,1.0,2925.0,0,3,Sea,None,Port_Congestion,0,South,Critical,0,0.31,0.94,3,5.0,Excellent
2023-01-09,2,PROD_002,FMCG,SUP_B1,371,430,15.9,740,184,1668,0,12.0,4,0,1.0,1850.0,0,0,Road,None,None,0,West,Low,2,0.45,0.94,1,5.0,Excellent
2023-01-16,3,PROD_002,FMCG,SUP_B2,555,544,-1.98,1580,307,3082,0,20.3,5,0,1.0,3950.0,0,0,Road,None,None,0,North,Low,3,0.47,0.9,2,5.0,Excellent
2023-01-23,4,PROD_002,FMCG,SUP_B1,492,547,11.18,1033,172,1156,0,13.2,2,0,1.0,2582.5,0,2,Road,None,Port_Congestion,0,North,Critical,0,0.42,0.89,4,4.9,Excellent
2023-01-30,5,PROD_002,FMCG,SUP_B2,516,497,-3.68,536,286,2866,0,7.5,5,0,1.0,1340.0,0,0,Road,None,None,0,West,Low,0,0.63,0.88,2,5.0,Excellent
2023-02-06,6,PROD_002,FMCG,SUP_B1,511,470,-8.02,1266,253,2297,0,18.9,4,0,1.0,3165.0,0,0,Road,None,None,0,East,Medium,0,0.52,0.91,2,5.0,Excellent
2023-02-13,7,PROD_002,FMCG,SUP_B2,560,567,1.25,699,240,1920,0,8.6,3,0,1.0,1747.5,0,0,Road,None,None,0,South,Medium,0,0.58,0.94,2,5.0,Excellent
2023-02-20,8,PROD_002,FMCG,SUP_B1,487,500,2.67,1540,170,1144,0,21.6,2,0,1.0,3850.0,0,0,Air,None,None,0,North,Medium,0,0.45,0.89,3,5.0,Excellent
2023-02-27,9,PROD_002,FMCG,SUP_B2,631,674,6.81,866,221,1483,0,9.0,2,0,1.0,2165.0,0,0,Road,None,None,0,South,Medium,0,0.56,0.91,2,5.0,Excellent
2023-03-06,10,PROD_002,FMCG,SUP_B1,506,525,3.75,1632,177,1189,0,21.8,2,0,1.0,4080.0,0,0,Road,None,None,0,East,Low,0,0.42,0.91,3,5.0,Excellent
2023-03-13,11,PROD_002,FMCG,SUP_B2,550,574,4.36,1058,304,3054,0,12.9,5,0,1.0,2645.0,0,0,Rail,None,None,0,East,Medium,0,0.43,0.99,5,5.0,Excellent
2023-03-20,12,PROD_002,FMCG,SUP_B1,492,582,18.29,1966,244,2212,0,23.6,4,0,1.0,4915.0,0,0,Sea,None,None,0,North,Medium,0,0.38,0.94,2,5.0,Excellent
2023-03-27,13,PROD_002,FMCG,SUP_B2,521,563,8.06,1403,258,2342,0,17.4,4,0,1.0,3507.5,0,0,Sea,None,None,0,North,Low,0,0.33,0.94,1,5.0,Excellent
2023-04-03,14,PROD_002,FMCG,SUP_B1,550,604,9.82,799,304,3054,0,9.3,5,0,1.0,1997.5,0,3,Road,Storm,Storm,0,West,Low,0,0.55,0.95,1,4.4,Warning
2023-04-10,15,PROD_002,FMCG,SUP_B2,610,589,-3.44,1290,261,2091,0,15.3,3,0,1.0,3225.0,0,0,Sea,None,None,0,East,Critical,0,0.56,0.95,1,5.0,Excellent
2023-04-17,16,PROD_002,FMCG,SUP_B1,569,594,4.39,696,199,1337,0,8.2,2,0,1.0,1740.0,0,0,Air,None,None,0,East,Critical,0,0.6,0.96,3,4.8,Excellent
2023-04-24,17,PROD_002,FMCG,SUP_B2,585,583,-0.34,1484,251,2006,0,17.8,3,0,1.0,3710.0,0,4,Sea,None,Tariff_Hike,1,West,Medium,0,0.53,0.93,1,5.0,Excellent
2023-05-01,18,PROD_002,FMCG,SUP_B1,519,493,-5.01,991,287,2882,0,14.1,5,0,1.0,2477.5,0,0,Sea,None,None,0,North,Medium,0,0.4,0.94,1,4.9,Excellent
2023-05-08,19,PROD_002,FMCG,SUP_B2,566,584,3.18,1832,243,1941,0,22.0,3,0,1.0,4580.0,0,0,Road,None,None,0,West,Critical,1,0.41,0.85,2,5.0,Excellent
2023-05-15,20,PROD_002,FMCG,SUP_B1,604,664,9.93,1168,211,1419,0,12.3,2,0,1.0,2920.0,0,0,Air,None,None,0,North,Low,0,0.44,0.97,1,5.0,Excellent
2023-05-22,21,PROD_002,FMCG,SUP_B2,469,506,7.89,662,201,1608,0,9.2,3,0,1.0,1655.0,0,0,Road,None,None,0,North,Low,0,0.55,0.98,2,5.0,Excellent
2023-05-29,22,PROD_002,FMCG,SUP_B1,500,517,3.4,1449,277,2777,0,19.6,5,0,1.0,3622.5,0,0,Road,None,None,0,West,High,0,0.49,0.88,2,5.0,Excellent
2023-06-05,23,PROD_002,FMCG,SUP_B2,522,559,7.09,890,258,2346,0,11.1,4,0,1.0,2225.0,0,0,Sea,Rain,Rain,0,East,Low,0,0.48,0.99,2,4.7,Excellent
2023-06-12,24,PROD_002,FMCG,SUP_B1,516,558,8.14,1641,181,1213,0,20.6,2,0,1.0,4102.5,0,2,Road,None,Labor_Strike,0,North,Low,0,0.44,0.87,3,5.0,Excellent
2023-06-19,25,PROD_002,FMCG,SUP_B2,539,518,-3.9,1123,189,1267,0,15.2,2,0,1.0,2807.5,0,0,Air,None,None,0,East,Medium,0,0.37,0.99,2,5.0,Excellent
2023-06-26,26,PROD_002,FMCG,SUP_B1,537,522,-2.79,601,297,2982,0,8.1,5,0,1.0,1502.5,0,0,Rail,None,None,0,North,Low,0,0.61,0.92,5,5.0,Excellent
2023-07-03,27,PROD_002,FMCG,SUP_B2,306,360,17.65,1363,107,719,0,26.5,2,0,1.0,3407.5,0,0,Air,None,None,0,West,High,0,0.37,0.86,2,4.9,Excellent
2023-07-10,28,PROD_002,FMCG,SUP_B1,454,469,3.3,894,251,2521,0,13.3,5,0,1.0,2235.0,0,0,Road,None,None,0,South,High,0,0.42,0.91,3,5.0,Excellent
2023-07-17,29,PROD_002,FMCG,SUP_B2,475,499,5.05,1717,204,1629,0,24.1,3,0,1.0,4292.5,0,0,Road,None,None,0,East,Low,0,0.38,0.93,5,5.0,Excellent
2023-07-24,30,PROD_002,FMCG,SUP_B1,427,427,0.0,1290,236,2371,0,21.1,5,0,1.0,3225.0,0,2,Road,None,Tariff_Hike,1,West,Low,0,0.28,0.96,3,5.0,Excellent
2023-07-31,31,PROD_002,FMCG,SUP_B2,507,507,0.0,783,251,2279,0,10.8,4,0,1.0,1957.5,0,0,Sea,None,None,0,South,Low,0,0.49,0.99,1,5.0,Excellent
2023-08-07,32,PROD_002,FMCG,SUP_B1,408,403,-1.23,1418,226,2266,0,24.6,5,0,1.0,3545.0,0,0,Road,None,None,0,North,Medium,10,0.37,0.93,5,5.0,Excellent
2023-08-14,33,PROD_002,FMCG,SUP_B2,362,375,3.59,1043,200,2010,0,19.5,5,0,1.0,2607.5,0,0,Rail,None,None,0,East,Low,0,0.3,0.93,3,5.0,Excellent
2023-08-21,34,PROD_002,FMCG,SUP_B1,425,446,4.94,597,235,2360,0,9.4,5,0,1.0,1492.5,0,0,Rail,None,None,0,West,Low,0,0.54,0.88,5,5.0,Excellent
2023-08-28,35,PROD_002,FMCG,SUP_B2,392,439,11.99,1558,137,921,0,24.8,2,0,1.0,3895.0,0,0,Air,None,None,0,East,High,0,0.41,0.86,3,4.9,Excellent
2023-09-04,36,PROD_002,FMCG,SUP_B1,387,430,11.11,1128,192,1740,0,18.4,4,0,1.0,2820.0,0,0,Sea,None,None,0,South,Low,1,0.32,0.97,3,5.0,Excellent
2023-09-11,37,PROD_002,FMCG,SUP_B2,419,444,5.97,684,147,985,0,10.8,2,0,1.0,1710.0,0,0,Road,None,None,0,South,Medium,0,0.49,0.87,5,5.0,Excellent
2023-09-18,38,PROD_002,FMCG,SUP_B1,384,374,-2.6,1768,134,902,0,33.1,2,0,1.0,4420.0,0,0,Air,None,None,0,North,High,0,0.31,0.99,4,4.8,Excellent
2023-09-25,39,PROD_002,FMCG,SUP_B2,397,349,-12.09,1419,197,1785,0,28.5,4,0,1.0,3547.5,0,0,Road,None,None,0,North,High,0,0.22,0.9,2,5.0,Excellent
2023-10-02,40,PROD_002,FMCG,SUP_B1,397,431,8.56,988,170,1361,0,16.0,3,0,1.0,2470.0,0,1,Road,None,Port_Congestion,0,North,Critical,0,0.36,0.98,3,4.9,Excellent
2023-10-09,41,PROD_002,FMCG,SUP_B2,373,498,33.51,1688,206,2071,0,23.7,5,0,1.0,4220.0,0,0,Road,None,None,0,East,Critical,0,0.37,0.89,4,5.0,Excellent
2023-10-16,42,PROD_002,FMCG,SUP_B1,350,371,6.0,1317,194,1944,0,24.8,5,0,1.0,3292.5,0,0,Road,None,None,0,East,Low,0,0.25,0.89,1,4.7,Excellent
2023-10-23,43,PROD_002,FMCG,SUP_B2,390,362,-7.18,955,216,2166,0,18.5,5,0,1.0,2387.5,0,0,Rail,None,None,0,South,Low,0,0.32,0.9,5,4.9,Excellent
2023-10-30,44,PROD_002,FMCG,SUP_B1,295,413,40.0,542,163,1638,0,9.2,5,0,1.0,1355.0,0,0,Rail,None,None,0,West,High,0,0.55,0.95,1,5.0,Excellent
2023-11-06,45,PROD_002,FMCG,SUP_B2,501,492,-1.8,1090,175,1177,0,15.5,2,0,1.0,2725.0,0,0,Air,None,None,0,West,High,0,0.6,0.94,4,5.0,Excellent
2023-11-13,46,PROD_002,FMCG,SUP_B1,484,506,4.55,584,169,1137,0,8.1,2,0,1.0,1460.0,0,0,Air,None,None,0,South,Critical,0,0.6,0.86,2,5.0,Excellent
2023-11-20,47,PROD_002,FMCG,SUP_B2,437,436,-0.23,1522,242,2427,0,24.4,5,0,1.0,3805.0,0,0,Sea,None,None,0,North,High,0,0.41,0.95,3,4.9,Excellent
2023-11-27,48,PROD_002,FMCG,SUP_B1,429,479,11.66,1043,237,2382,0,15.2,5,0,1.0,2607.5,0,0,Road,None,None,0,East,High,0,0.37,0.99,4,5.0,Excellent
2023-12-04,49,PROD_002,FMCG,SUP_B2,556,594,6.83,1656,238,1906,0,19.5,3,0,1.0,4140.0,0,0,Road,None,None,0,South,Low,0,0.44,0.97,3,4.7,Excellent
2023-12-11,50,PROD_002,FMCG,SUP_B1,425,468,10.12,1188,182,1457,0,17.8,3,0,1.0,2970.0,0,0,Road,None,None,0,North,High,0,0.33,0.9,4,4.6,Excellent
2023-12-18,51,PROD_002,FMCG,SUP_B2,573,513,-10.47,675,246,1965,0,9.2,3,0,1.0,1687.5,0,0,Sea,None,None,0,East,Critical,0,0.55,0.95,5,5.0,Excellent
2023-12-25,52,PROD_002,FMCG,SUP_B1,461,518,12.36,1601,228,2072,0,21.6,4,0,1.0,4002.5,0,0,Road,None,None,0,South,Low,0,0.46,0.88,4,4.9,Excellent
2024-01-01,53,PROD_002,FMCG,SUP_B2,553,516,-6.69,1085,306,3071,0,14.7,5,0,1.0,2712.5,0,0,Rail,None,None,0,West,Low,0,0.38,0.97,4,4.8,Excellent
2024-01-08,54,PROD_002,FMCG,SUP_B1,508,532,4.72,553,281,2821,0,7.3,5,0,1.0,1382.5,0,2,Rail,None,Labor_Strike,0,East,High,0,0.65,0.98,2,5.0,Excellent
2024-01-15,55,PROD_002,FMCG,SUP_B2,581,605,4.13,1078,322,3227,0,12.5,5,1,0.91,2695.0,3172,0,Road,None,None,0,South,High,0,0.74,0.96,3,4.6,Good
2024-01-22,56,PROD_002,FMCG,SUP_B1,495,550,11.11,528,300,3270,0,6.7,6,0,1.0,1320.0,0,2,Rail,Storm,Storm,0,East,Medium,7,0.68,0.98,5,4.5,Good
2024-01-29,57,PROD_002,FMCG,SUP_B2,544,646,18.75,1026,190,1278,0,11.1,2,1,0.82,2565.0,14042,1,Air,None,None,0,West,Low,0,0.83,0.98,5,3.6,Warning
2024-02-05,58,PROD_002,FMCG,SUP_B1,480,529,10.21,1783,238,2158,0,23.6,4,0,1.0,4457.5,0,0,Rail,None,None,0,North,Medium,0,0.38,0.92,2,5.0,Excellent
2024-02-12,59,PROD_002,FMCG,SUP_B2,487,531,9.03,1252,170,1144,0,16.5,2,0,1.0,3130.0,0,0,Road,None,None,0,East,Low,0,0.35,0.89,4,5.0,Excellent
2024-02-19,60,PROD_002,FMCG,SUP_B1,654,602,-7.95,650,362,3632,0,7.6,5,0,1.0,1625.0,0,0,Rail,None,None,0,North,Medium,1,0.63,0.92,4,5.0,Excellent
2024-02-26,61,PROD_002,FMCG,SUP_B2,630,662,5.08,988,270,2160,0,10.4,3,1,0.98,2470.0,936,0,Road,None,None,0,West,Low,0,0.81,0.99,5,5.0,Excellent
2024-03-04,62,PROD_002,FMCG,SUP_B1,625,639,2.24,1533,346,3471,0,16.8,5,0,1.0,3832.5,0,0,Sea,None,None,0,East,Low,0,0.51,0.93,2,4.8,Excellent
2024-03-11,63,PROD_002,FMCG,SUP_B2,586,590,0.68,943,251,2009,0,11.2,3,0,1.0,2357.5,0,1,Road,None,Port_Congestion,0,South,Medium,0,0.48,0.88,5,4.7,Excellent
2024-03-18,64,PROD_002,FMCG,SUP_B1,598,681,13.88,1380,256,2050,0,14.2,3,0,1.0,3450.0,0,0,Road,Rain,Rain,0,West,Medium,0,0.59,0.85,2,4.9,Excellent
2024-03-25,65,PROD_002,FMCG,SUP_B2,603,623,3.32,757,334,3349,0,8.5,5,0,1.0,1892.5,0,0,Road,None,None,0,West,Critical,0,0.58,0.95,3,5.0,Excellent
2024-04-01,66,PROD_002,FMCG,SUP_B1,586,605,3.24,1371,324,3254,0,15.9,5,0,1.0,3427.5,0,0,Rail,None,None,0,North,High,0,0.57,0.86,1,5.0,Excellent
2024-04-08,67,PROD_002,FMCG,SUP_B2,685,661,-3.5,710,379,3804,0,7.5,5,0,1.0,1775.0,0,0,Rail,None,None,0,South,Medium,0,0.64,0.95,4,5.0,Excellent
2024-04-15,68,PROD_002,FMCG,SUP_B1,622,624,0.32,1450,344,3454,0,16.3,5,0,1.0,3625.0,0,0,Road,None,None,0,South,Low,0,0.58,0.89,1,5.0,Excellent
2024-04-22,69,PROD_002,FMCG,SUP_B2,649,719,10.79,731,227,1525,0,7.1,2,0,1.0,1827.5,0,0,Air,None,None,0,East,Medium,10,0.66,0.94,1,4.7,Excellent
2024-04-29,70,PROD_002,FMCG,SUP_B1,582,657,12.89,1523,288,2616,0,16.2,4,0,1.0,3807.5,0,0,Road,None,None,0,North,Medium,9,0.58,0.93,2,5.0,Excellent
2024-05-06,71,PROD_002,FMCG,SUP_B2,466,560,20.17,963,258,2588,0,12.0,5,0,1.0,2407.5,0,0,Rail,None,None,0,South,High,0,0.45,0.92,3,5.0,Excellent
2024-05-13,72,PROD_002,FMCG,SUP_B1,673,632,-6.09,1351,333,3025,0,15.0,4,0,1.0,3377.5,0,0,Road,None,None,0,East,High,0,0.55,0.98,5,5.0,Excellent
2024-05-20,73,PROD_002,FMCG,SUP_B2,507,555,9.47,796,251,2279,0,10.0,4,0,1.0,1990.0,0,0,Rail,None,None,0,South,Medium,0,0.52,0.87,5,5.0,Excellent
2024-05-27,74,PROD_002,FMCG,SUP_B1,599,657,9.68,1429,257,2054,0,15.2,3,0,1.0,3572.5,0,0,Road,None,None,0,South,Low,0,0.59,0.94,2,5.0,Excellent
2024-06-03,75,PROD_002,FMCG,SUP_B2,556,593,6.65,836,238,1906,0,9.9,3,0,1.0,2090.0,0,0,Sea,None,None,0,West,Medium,0,0.52,0.97,1,5.0,Excellent
2024-06-10,76,PROD_002,FMCG,SUP_B1,515,549,6.6,1596,285,2860,0,20.3,5,0,1.0,3990.0,0,0,Road,None,None,0,North,Low,0,0.45,0.93,3,5.0,Excellent
2024-06-17,77,PROD_002,FMCG,SUP_B2,554,567,2.35,1029,237,1899,0,12.7,3,0,1.0,2572.5,0,0,Road,None,None,0,West,High,0,0.43,0.88,1,5.0,Excellent
2024-06-24,78,PROD_002,FMCG,SUP_B1,481,491,2.08,538,266,2671,0,7.7,5,0,1.0,1345.0,0,0,Road,None,None,0,East,Medium,0,0.63,0.97,4,5.0,Excellent
2024-07-01,79,PROD_002,FMCG,SUP_B2,579,520,-10.19,1259,203,1361,0,16.9,2,0,1.0,3147.5,0,0,Road,None,None,0,South,Medium,0,0.58,0.96,2,5.0,Excellent
2024-07-08,80,PROD_002,FMCG,SUP_B1,521,555,6.53,704,288,2893,0,8.9,5,0,1.0,1760.0,0,0,Sea,None,None,0,South,Low,0,0.57,0.95,1,5.0,Excellent
2024-07-15,81,PROD_002,FMCG,SUP_B2,468,522,11.54,1444,232,2104,0,19.4,4,0,1.0,3610.0,0,0,Road,None,None,0,East,High,0,0.49,0.92,5,5.0,Excellent
2024-07-22,82,PROD_002,FMCG,SUP_B1,536,587,9.51,857,230,1838,0,10.2,3,0,1.0,2142.5,0,0,Rail,None,None,0,West,Low,0,0.51,0.94,5,5.0,Excellent
2024-07-29,83,PROD_002,FMCG,SUP_B2,432,498,15.28,1737,214,1942,0,24.4,4,0,1.0,4342.5,0,0,Sea,None,None,0,West,High,0,0.38,0.86,1,4.9,Excellent
2024-08-05,84,PROD_002,FMCG,SUP_B1,442,531,20.14,1206,189,1515,0,15.9,3,0,1.0,3015.0,0,0,Rail,None,None,0,South,Low,0,0.36,0.95,4,5.0,Excellent
2024-08-12,85,PROD_002,FMCG,SUP_B2,459,506,10.24,700,227,2063,0,9.7,4,0,1.0,1750.0,0,0,Rail,None,None,0,West,Low,0,0.53,0.96,4,5.0,Excellent
2024-08-19,86,PROD_002,FMCG,SUP_B1,503,514,2.19,1488,278,2793,0,20.3,5,0,1.0,3720.0,0,0,Road,None,None,0,West,High,11,0.47,0.91,1,4.7,Excellent
2024-08-26,87,PROD_002,FMCG,SUP_B2,396,477,20.45,1011,139,931,0,14.8,2,0,1.0,2527.5,0,0,Air,None,None,0,West,Low,0,0.38,0.96,4,5.0,Excellent
2024-09-02,88,PROD_002,FMCG,SUP_B1,449,464,3.34,547,157,1055,0,8.3,2,0,1.0,1367.5,0,0,Road,None,None,0,South,High,0,0.6,0.94,4,4.9,Excellent
2024-09-09,89,PROD_002,FMCG,SUP_B2,444,485,9.23,1298,155,1043,0,18.7,2,0,1.0,3245.0,0,0,Road,None,None,0,West,Medium,0,0.53,0.9,1,5.0,Excellent
2024-09-16,90,PROD_002,FMCG,SUP_B1,479,509,6.26,789,205,1642,0,10.9,3,0,1.0,1972.5,0,0,Rail,None,None,0,West,Medium,0,0.49,0.99,3,4.9,Excellent
2024-09-23,91,PROD_002,FMCG,SUP_B2,474,504,6.33,1575,203,1625,0,21.9,3,0,1.0,3937.5,0,0,Road,None,None,0,North,High,0,0.43,0.98,3,4.9,Excellent
2024-09-30,92,PROD_002,FMCG,SUP_B1,435,481,10.57,1094,264,2874,0,15.9,6,0,1.0,2735.0,0,3,Sea,Storm,Storm,0,East,Medium,0,0.36,0.97,1,4.0,Warning
2024-10-07,93,PROD_002,FMCG,SUP_B2,586,630,7.51,1773,324,3254,0,19.7,5,0,1.0,4432.5,0,0,Rail,None,None,0,South,High,0,0.44,0.93,1,4.9,Excellent
2024-10-14,94,PROD_002,FMCG,SUP_B1,512,537,4.88,1236,179,1203,0,16.1,2,0,1.0,3090.0,0,5,Road,None,Port_Congestion,0,South,Medium,0,0.36,0.99,4,4.5,Excellent
2024-10-21,95,PROD_002,FMCG,SUP_B2,463,435,-6.05,801,162,1088,0,12.9,2,0,1.0,2002.5,0,0,Road,None,None,0,South,Low,0,0.43,0.97,2,4.7,Excellent
2024-10-28,96,PROD_002,FMCG,SUP_B1,492,533,8.33,1724,172,1156,0,22.6,2,0,1.0,4310.0,0,0,Road,None,None,0,East,High,0,0.42,0.87,1,5.0,Excellent
2024-11-04,97,PROD_002,FMCG,SUP_B2,496,515,3.83,1209,246,2230,0,16.4,4,0,1.0,3022.5,0,1,Rail,None,Port_Congestion,0,West,Medium,0,0.35,0.88,5,5.0,Excellent
2024-11-11,98,PROD_002,FMCG,SUP_B1,578,591,2.25,618,202,1358,0,7.3,2,0,1.0,1545.0,0,0,Air,None,None,0,South,Low,0,0.65,0.98,5,5.0,Excellent
2024-11-18,99,PROD_002,FMCG,SUP_B2,583,582,-0.17,1121,382,4463,0,13.5,7,0,1.0,2802.5,0,3,Sea,Storm,Storm,0,South,Low,0,0.67,0.87,5,4.2,Warning
2024-11-25,100,PROD_002,FMCG,SUP_B1,513,516,0.58,605,180,1206,0,8.2,2,0,1.0,1512.5,0,0,Road,None,None,0,North,Medium,0,0.6,0.85,2,5.0,Excellent
2024-12-02,101,PROD_002,FMCG,SUP_B2,571,577,1.05,1510,283,2567,0,18.3,4,0,1.0,3775.0,0,0,Rail,None,None,0,South,Low,0,0.55,0.92,4,5.0,Excellent
2024-12-09,102,PROD_002,FMCG,SUP_B1,504,568,12.7,942,279,2799,0,11.6,5,0,1.0,2355.0,0,0,Road,None,None,0,North,Low,0,0.46,0.97,5,4.8,Excellent
2024-12-16,103,PROD_002,FMCG,SUP_B2,557,618,10.95,1748,308,3093,0,19.8,5,0,1.0,4370.0,0,0,Road,None,None,0,West,High,11,0.46,0.86,1,5.0,Excellent
2024-12-23,104,PROD_002,FMCG,SUP_B1,663,724,9.2,1024,328,2980,0,9.9,4,0,1.0,2560.0,0,0,Rail,None,None,0,North,Medium,7,0.52,0.92,1,5.0,Excellent
2023-01-02,1,PROD_003,Industrial,SUP_C2,636,666,4.72,1506,223,1495,0,15.8,2,0,1.0,3765.0,0,0,Air,None,None,0,North,Low,0,0.51,0.97,3,5.0,Excellent
2023-01-09,2,PROD_003,Industrial,SUP_C3,526,650,23.57,856,391,5125,0,9.2,9,0,1.0,2140.0,0,4,Sea,Heatwave,Heatwave,0,North,Low,0,0.55,0.99,3,4.2,Warning
2023-01-16,3,PROD_003,Industrial,SUP_C1,732,763,4.23,1100,314,2510,0,10.1,3,0,1.0,2750.0,0,0,Rail,None,None,0,West,High,0,0.78,0.86,4,5.0,Excellent
2023-01-23,4,PROD_003,Industrial,SUP_C2,668,640,-4.19,1893,370,3710,0,20.7,5,0,1.0,4732.5,0,0,Rail,None,None,0,South,Medium,0,0.43,0.94,1,4.6,Excellent
2023-01-30,5,PROD_003,Industrial,SUP_C3,698,706,1.15,1187,346,3138,0,11.8,4,0,1.0,2967.5,0,0,Rail,None,None,0,West,Medium,0,0.46,1.0,5,5.0,Excellent
2023-02-06,6,PROD_003,Industrial,SUP_C1,657,677,3.04,510,230,1544,0,5.3,2,0,1.0,1275.0,0,0,Air,None,None,0,West,Low,0,0.8,0.99,1,4.9,Excellent
2023-02-13,7,PROD_003,Industrial,SUP_C2,635,684,7.72,1293,351,3526,0,13.2,5,1,0.75,3232.5,13746,2,Rail,None,None,0,East,Low,0,0.76,0.98,5,3.1,Warning
2023-02-20,8,PROD_003,Industrial,SUP_C3,715,730,2.1,563,250,1680,0,5.4,2,0,1.0,1407.5,0,0,Air,None,None,0,South,Critical,0,0.79,0.96,5,4.9,Excellent
2023-02-27,9,PROD_003,Industrial,SUP_C1,795,788,-0.88,1030,394,3574,0,9.1,4,1,0.71,2575.0,27900,0,Road,None,None,0,North,High,0,0.99,0.99,5,3.9,Critical
2023-03-06,10,PROD_003,Industrial,SUP_C2,784,801,2.17,1323,388,3524,0,11.6,4,0,1.0,3307.5,0,0,Rail,None,None,0,North,Medium,0,0.68,0.98,5,5.0,Excellent
2023-03-13,11,PROD_003,Industrial,SUP_C3,640,671,4.84,652,224,1504,0,6.8,2,0,1.0,1630.0,0,0,Road,None,None,0,East,Medium,0,0.68,0.86,4,4.9,Excellent
2023-03-20,12,PROD_003,Industrial,SUP_C1,692,780,12.72,1000,343,3111,0,9.0,4,1,0.84,2500.0,15488,0,Sea,None,None,0,East,Medium,0,0.94,0.89,3,4.3,Warning
2023-03-27,13,PROD_003,Industrial,SUP_C2,751,827,10.12,1474,372,3376,0,12.5,4,0,1.0,3685.0,0,4,Rail,None,Port_Congestion,0,South,Medium,0,0.67,0.95,5,5.0,Excellent
2023-04-03,14,PROD_003,Industrial,SUP_C3,723,734,1.52,740,438,4776,0,7.1,6,0,1.0,1850.0,0,4,Sea,Storm,Storm,0,North,Critical,0,0.66,0.96,3,4.4,Warning
2023-04-10,15,PROD_003,Industrial,SUP_C1,817,834,2.08,1059,286,1920,0,8.9,2,1,0.89,2647.5,13912,1,Air,None,None,0,West,Low,0,0.93,0.95,5,4.3,Good
2023-04-17,16,PROD_003,Industrial,SUP_C2,810,745,-8.02,1327,284,1904,0,12.5,2,0,1.0,3317.5,0,0,Air,None,None,0,South,Medium,0,0.62,0.94,4,4.9,Excellent
2023-04-24,17,PROD_003,Industrial,SUP_C3,870,851,-2.18,1663,305,2045,0,13.7,2,0,1.0,4157.5,0,0,Air,None,None,0,South,Low,0,0.57,0.95,3,5.0,Excellent
2023-05-01,18,PROD_003,Industrial,SUP_C1,784,771,-1.66,892,336,2688,0,8.1,3,0,1.0,2230.0,0,0,Road,None,None,0,East,Low,0,0.6,0.9,1,5.0,Excellent
2023-05-08,19,PROD_003,Industrial,SUP_C2,782,794,1.53,1410,274,1838,0,12.4,2,0,1.0,3525.0,0,0,Road,Rain,Rain,0,East,Medium,0,0.69,0.88,4,5.0,Excellent
2023-05-15,20,PROD_003,Industrial,SUP_C3,763,816,6.95,594,267,1793,0,5.1,2,0,1.0,1485.0,0,0,Air,None,None,0,South,Low,0,0.81,0.99,5,5.0,Excellent
2023-05-22,21,PROD_003,Industrial,SUP_C1,704,778,10.51,1069,302,2414,0,9.6,3,1,0.76,2672.5,26312,0,Sea,None,None,0,South,Critical,0,0.94,0.99,3,4.0,Warning
2023-05-29,22,PROD_003,Industrial,SUP_C2,629,717,13.99,1671,220,1478,0,16.3,2,0,1.0,4177.5,0,0,Road,None,None,0,South,High,0,0.52,0.92,5,4.9,Excellent
2023-06-05,23,PROD_003,Industrial,SUP_C3,771,738,-4.28,933,270,1812,0,8.8,2,0,1.0,2332.5,0,0,Road,None,None,0,West,Low,0,0.57,0.85,1,5.0,Excellent
2023-06-12,24,PROD_003,Industrial,SUP_C1,723,769,6.36,1636,438,4776,0,14.9,6,0,1.0,4090.0,0,3,Sea,Storm,Storm,0,South,Low,0,0.6,0.89,4,4.4,Warning
2023-06-19,25,PROD_003,Industrial,SUP_C2,610,682,11.8,954,261,2091,0,9.8,3,0,1.0,2385.0,0,0,Rail,None,None,0,East,Low,0,0.53,0.98,4,5.0,Excellent
2023-06-26,26,PROD_003,Industrial,SUP_C3,640,722,12.81,1648,274,2194,0,16.0,3,0,1.0,4120.0,0,0,Road,None,None,0,West,High,0,0.55,0.98,2,4.9,Excellent
2023-07-03,27,PROD_003,Industrial,SUP_C1,710,744,4.79,904,393,3943,0,8.5,5,0,1.0,2260.0,0,0,Road,None,None,0,North,Medium,0,0.58,0.97,1,5.0,Excellent
2023-07-10,28,PROD_003,Industrial,SUP_C2,636,646,1.57,1729,315,2859,0,18.7,4,0,1.0,4322.5,0,0,Rail,None,None,0,South,Low,0,0.49,1.0,4,5.0,Excellent
2023-07-17,29,PROD_003,Industrial,SUP_C3,695,664,-4.46,1065,298,2383,0,11.2,3,0,1.0,2662.5,0,0,Road,None,None,0,West,Critical,0,0.48,0.93,1,4.9,Excellent
2023-07-24,30,PROD_003,Industrial,SUP_C1,644,672,4.35,1478,276,2208,0,15.4,3,0,1.0,3695.0,0,0,Road,None,None,0,South,Medium,0,0.53,0.86,2,4.9,Excellent
2023-07-31,31,PROD_003,Industrial,SUP_C2,619,625,0.97,853,343,3438,0,9.6,5,0,1.0,2132.5,0,0,Rail,None,None,0,East,High,0,0.54,0.91,5,4.9,Excellent
2023-08-07,32,PROD_003,Industrial,SUP_C3,710,745,4.93,1245,497,6177,0,11.7,8,0,1.0,3112.5,0,4,Sea,Storm,Storm,0,South,Low,0,0.71,0.92,5,4.3,Warning
2023-08-14,33,PROD_003,Industrial,SUP_C1,620,688,10.97,557,266,2126,0,5.7,3,0,1.0,1392.5,0,0,Sea,None,None,0,North,Medium,0,0.76,0.89,1,5.0,Excellent
2023-08-21,34,PROD_003,Industrial,SUP_C2,671,710,5.81,888,288,2301,0,8.8,3,1,0.78,2220.0,22338,2,Sea,None,None,0,East,Low,4,0.98,0.95,1,3.4,Warning
2023-08-28,35,PROD_003,Industrial,SUP_C3,584,637,9.08,1258,323,3243,0,13.8,5,0,1.0,3145.0,0,0,Sea,None,None,0,East,Medium,0,0.59,0.96,5,5.0,Excellent
2023-09-04,36,PROD_003,Industrial,SUP_C1,539,523,-2.97,735,231,1848,0,9.8,3,0,1.0,1837.5,0,0,Road,None,None,0,East,Low,0,0.52,0.9,3,5.0,Excellent
2023-09-11,37,PROD_003,Industrial,SUP_C2,580,633,9.14,1202,321,3221,0,13.3,5,0,1.0,3005.0,0,0,Road,None,None,0,East,High,0,0.65,0.87,4,5.0,Excellent
2023-09-18,38,PROD_003,Industrial,SUP_C3,646,670,3.72,532,358,3588,0,5.6,5,0,1.0,1330.0,0,0,Sea,None,None,0,North,Critical,0,0.77,1.0,5,5.0,Excellent
2023-09-25,39,PROD_003,Industrial,SUP_C1,616,681,10.55,1203,341,3421,0,12.4,5,1,0.78,3007.5,7748,1,Road,None,None,0,North,Critical,0,0.79,0.88,5,3.7,Warning
2023-10-02,40,PROD_003,Industrial,SUP_C2,692,673,-2.75,530,383,3843,0,5.5,5,0,1.0,1325.0,0,0,Sea,None,None,0,North,High,0,0.78,1.0,2,5.0,Excellent
2023-10-09,41,PROD_003,Industrial,SUP_C3,647,705,8.96,1300,358,3593,0,12.9,5,1,0.75,3250.0,21875,0,Sea,None,None,0,West,Low,0,0.77,0.87,2,3.9,Warning
2023-10-16,42,PROD_003,Industrial,SUP_C1,667,685,2.7,615,330,2998,0,6.3,4,0,1.0,1537.5,0,0,Sea,None,None,0,East,High,0,0.72,0.95,1,4.8,Excellent
2023-10-23,43,PROD_003,Industrial,SUP_C2,633,654,3.32,1384,313,2845,0,14.8,4,1,0.94,3460.0,5772,2,Road,None,None,0,East,Low,0,0.65,0.88,4,4.2,Good
2023-10-30,44,PROD_003,Industrial,SUP_C3,617,675,9.4,709,305,2773,0,7.4,4,0,1.0,1772.5,0,0,Road,None,None,0,South,Low,0,0.65,0.9,5,4.7,Excellent
2023-11-06,45,PROD_003,Industrial,SUP_C1,684,711,3.95,1036,379,3799,0,10.2,5,1,1.0,2590.0,132,0,Sea,None,None,0,East,Critical,0,0.81,0.98,3,5.0,Excellent
2023-11-13,46,PROD_003,Industrial,SUP_C2,604,684,13.25,1397,334,3354,0,14.3,5,0,1.0,3492.5,0,0,Road,None,None,0,East,Medium,0,0.56,0.91,3,5.0,Excellent
2023-11-20,47,PROD_003,Industrial,SUP_C3,648,686,5.86,711,278,2222,0,7.3,3,0,1.0,1777.5,0,0,Road,None,None,0,South,Low,0,0.65,0.99,1,4.9,Excellent
2023-11-27,48,PROD_003,Industrial,SUP_C1,746,765,2.55,1272,261,1753,0,11.6,2,1,0.93,3180.0,5076,2,Air,None,None,0,South,Low,0,0.77,0.94,1,4.6,Good
2023-12-04,49,PROD_003,Industrial,SUP_C2,667,714,7.05,558,233,1567,0,5.5,2,0,1.0,1395.0,0,0,Road,None,None,0,East,Medium,0,0.78,0.89,1,4.8,Excellent
2023-12-11,50,PROD_003,Industrial,SUP_C3,800,778,-2.75,1255,280,1880,0,11.3,2,1,0.72,3137.5,25740,0,Road,None,None,0,West,Critical,0,0.86,0.94,1,3.3,Critical
2023-12-18,51,PROD_003,Industrial,SUP_C1,727,793,9.08,1619,360,3268,0,14.3,4,0,1.0,4047.5,0,0,Rail,None,None,0,West,Medium,0,0.55,1.0,2,5.0,Excellent
2023-12-25,52,PROD_003,Industrial,SUP_C2,792,785,-0.88,834,277,1861,0,7.4,2,0,1.0,2085.0,0,0,Air,None,None,0,West,Medium,0,0.64,0.93,1,5.0,Excellent
2024-01-01,53,PROD_003,Industrial,SUP_C3,725,754,4.0,1517,359,3259,0,14.1,4,0,1.0,3792.5,0,0,Rail,None,None,0,West,High,0,0.64,0.87,3,5.0,Excellent
2024-01-08,54,PROD_003,Industrial,SUP_C1,773,787,1.81,730,383,3475,0,6.5,4,0,1.0,1825.0,0,0,Sea,None,None,0,North,Low,0,0.7,0.89,4,4.9,Excellent
2024-01-15,55,PROD_003,Industrial,SUP_C2,682,792,16.13,1009,292,2338,0,8.9,3,1,0.92,2522.5,3100,1,Road,None,None,0,East,Low,0,0.91,0.89,1,4.6,Good
2024-01-22,56,PROD_003,Industrial,SUP_C3,724,792,9.39,1665,253,1701,0,14.7,2,0,1.0,4162.5,0,0,Air,None,None,0,North,Medium,0,0.59,0.92,3,5.0,Excellent
2024-01-29,57,PROD_003,Industrial,SUP_C1,772,813,5.31,852,331,2647,0,7.3,3,0,1.0,2130.0,0,0,Sea,None,None,0,North,Low,0,0.65,0.97,4,5.0,Excellent
2024-02-05,58,PROD_003,Industrial,SUP_C2,710,761,7.18,1196,304,2434,0,11.0,3,0,1.0,2990.0,0,0,Rail,None,None,0,North,Low,0,0.74,0.89,5,5.0,Excellent
2024-02-12,59,PROD_003,Industrial,SUP_C3,718,847,17.97,1389,397,3987,0,11.5,5,0,1.0,3472.5,0,1,Rail,None,Tariff_Hike,1,North,Medium,0,0.66,0.96,3,5.0,Excellent
2024-02-19,60,PROD_003,Industrial,SUP_C1,667,781,17.09,608,369,3704,0,5.4,5,0,1.0,1520.0,0,0,Rail,None,None,0,North,Medium,0,0.78,0.95,5,4.7,Excellent
2024-02-26,61,PROD_003,Industrial,SUP_C2,864,892,3.24,1058,428,3884,0,8.3,4,1,0.68,2645.0,26980,2,Road,None,None,0,South,Medium,0,1.07,0.86,4,3.3,Critical
2024-03-04,62,PROD_003,Industrial,SUP_C3,891,893,0.22,1649,493,4948,0,12.9,5,0,1.0,4122.5,0,0,Road,None,None,0,East,Low,8,0.66,0.93,1,5.0,Excellent
2024-03-11,63,PROD_003,Industrial,SUP_C1,866,957,10.51,692,429,3893,0,5.1,4,0,1.0,1730.0,0,0,Sea,None,None,0,North,Medium,0,0.82,0.94,2,4.9,Excellent
2024-03-18,64,PROD_003,Industrial,SUP_C2,884,919,3.96,1226,379,3031,0,9.3,3,1,0.75,3065.0,30191,0,Sea,None,None,0,East,Low,0,0.96,0.86,2,3.8,Warning
2024-03-25,65,PROD_003,Industrial,SUP_C3,786,832,5.85,1856,275,1847,0,15.6,2,0,1.0,4640.0,0,0,Road,None,None,0,West,High,0,0.54,0.97,1,5.0,Excellent
2024-04-01,66,PROD_003,Industrial,SUP_C1,868,928,6.91,928,304,2040,0,7.0,2,0,1.0,2320.0,0,0,Road,None,None,0,West,High,0,0.67,0.89,5,5.0,Excellent
2024-04-08,67,PROD_003,Industrial,SUP_C2,876,902,2.97,1181,307,2059,0,9.2,2,0,1.0,2952.5,0,0,Air,None,None,0,North,Medium,0,0.86,0.91,3,4.9,Excellent
2024-04-15,68,PROD_003,Industrial,SUP_C3,813,871,7.13,1717,450,4515,0,13.8,5,0,1.0,4292.5,0,0,Rail,None,None,0,East,Low,0,0.6,0.87,4,4.9,Excellent
2024-04-22,69,PROD_003,Industrial,SUP_C1,946,938,-0.85,779,468,4252,0,5.8,4,0,1.0,1947.5,0,0,Rail,None,None,0,North,Low,0,0.75,0.97,3,5.0,Excellent
2024-04-29,70,PROD_003,Industrial,SUP_C2,888,931,4.84,1051,440,3992,0,7.9,4,1,0.84,2627.5,15960,0,Rail,None,None,0,East,Low,0,1.02,0.87,5,4.4,Warning
2024-05-06,71,PROD_003,Industrial,SUP_C3,834,861,3.24,1344,413,3749,0,10.9,4,0,1.0,3360.0,0,0,Rail,None,None,0,North,Low,0,0.72,0.91,2,5.0,Excellent
2024-05-13,72,PROD_003,Industrial,SUP_C1,718,771,7.38,573,251,1687,0,5.2,2,0,1.0,1432.5,0,0,Road,Rain,Rain,0,West,Low,0,0.8,0.91,4,4.9,Excellent
2024-05-20,73,PROD_003,Industrial,SUP_C2,819,856,4.52,793,351,2808,0,6.5,3,1,0.67,1982.5,22074,0,Sea,None,None,0,North,Critical,0,1.25,0.91,4,3.5,Critical
2024-05-27,74,PROD_003,Industrial,SUP_C3,890,927,4.16,1300,382,3052,0,9.8,3,1,0.86,3250.0,18224,0,Road,None,None,0,North,Medium,0,0.89,0.88,1,3.7,Good
2024-06-03,75,PROD_003,Industrial,SUP_C1,822,845,2.8,1953,407,3695,0,16.2,4,0,1.0,4882.5,0,0,Road,None,None,0,West,Low,0,0.52,0.87,3,5.0,Excellent
2024-06-10,76,PROD_003,Industrial,SUP_C2,842,849,0.83,1104,361,2887,0,9.1,3,0,1.0,2760.0,0,0,Road,None,None,0,North,Low,0,0.56,0.92,5,4.7,Excellent
2024-06-17,77,PROD_003,Industrial,SUP_C3,723,751,3.87,1416,310,2479,0,13.2,3,0,1.0,3540.0,0,0,Rail,None,None,0,East,Medium,5,0.6,0.96,5,4.9,Excellent
2024-06-24,78,PROD_003,Industrial,SUP_C1,748,785,4.95,631,262,1758,0,5.6,2,0,1.0,1577.5,0,0,Air,None,None,0,South,Critical,0,0.77,0.98,4,4.8,Excellent
2024-07-01,79,PROD_003,Industrial,SUP_C2,786,811,3.18,889,337,2695,0,7.7,3,1,0.78,2222.5,26100,1,Road,None,None,0,South,Medium,0,1.07,0.93,3,3.4,Warning
2024-07-08,80,PROD_003,Industrial,SUP_C3,801,831,3.75,1276,396,3600,0,10.7,4,0,1.0,3190.0,0,0,Rail,None,None,0,East,High,0,0.77,0.94,4,5.0,Excellent
2024-07-15,81,PROD_003,Industrial,SUP_C1,804,855,6.34,1772,398,3614,0,14.5,4,0,1.0,4430.0,0,0,Road,None,None,0,North,Low,0,0.56,0.98,3,4.9,Excellent
2024-07-22,82,PROD_003,Industrial,SUP_C2,832,887,6.61,885,357,2853,0,7.0,3,0,1.0,2212.5,0,0,Rail,None,None,0,West,Low,0,0.67,0.93,5,5.0,Excellent
2024-07-29,83,PROD_003,Industrial,SUP_C3,823,794,-3.52,1312,407,3699,0,11.6,4,0,1.0,3280.0,0,0,Road,None,None,0,East,High,0,0.72,0.88,2,5.0,Excellent
2024-08-05,84,PROD_003,Industrial,SUP_C1,718,771,7.38,541,355,3227,0,4.9,4,0,1.0,1352.5,0,0,Road,None,None,0,North,High,0,0.83,0.87,5,5.0,Excellent
2024-08-12,85,PROD_003,Industrial,SUP_C2,793,790,-0.38,1015,340,2719,0,9.0,3,1,0.68,2537.5,17928,1,Sea,None,None,0,West,Low,0,1.02,0.85,3,3.2,Critical
2024-08-19,86,PROD_003,Industrial,SUP_C3,839,855,1.91,1204,549,6422,0,9.9,7,0,1.0,3010.0,0,3,Sea,Storm,Storm,0,West,Medium,0,0.77,0.89,1,4.1,Warning
2024-08-26,87,PROD_003,Industrial,SUP_C1,668,707,5.84,1970,331,3003,0,19.5,4,0,1.0,4925.0,0,0,Road,None,None,0,South,Low,0,0.45,0.88,2,5.0,Excellent
2024-09-02,88,PROD_003,Industrial,SUP_C2,675,740,9.63,1230,334,3034,0,11.6,4,0,1.0,3075.0,0,0,Rail,None,None,0,North,Medium,0,0.46,0.92,1,4.9,Excellent
2024-09-09,89,PROD_003,Industrial,SUP_C3,694,680,-2.02,550,298,2380,0,5.7,3,0,1.0,1375.0,0,0,Rail,None,None,0,West,Medium,0,0.76,0.88,2,4.7,Excellent
2024-09-16,90,PROD_003,Industrial,SUP_C1,833,784,-5.88,1177,292,1958,0,10.5,2,1,0.7,2942.5,23166,2,Air,None,None,0,South,Low,0,0.91,0.93,4,3.0,Critical
2024-09-23,91,PROD_003,Industrial,SUP_C2,659,708,7.44,1758,283,2260,0,17.4,3,0,1.0,4395.0,0,5,Rail,None,Tariff_Hike,1,East,High,0,0.48,0.96,1,5.0,Excellent
2024-09-30,92,PROD_003,Industrial,SUP_C3,730,795,8.9,963,313,2503,0,8.5,3,0,1.0,2407.5,0,0,Road,None,None,0,West,Medium,0,0.58,0.96,2,5.0,Excellent
2024-10-07,93,PROD_003,Industrial,SUP_C1,736,728,-1.09,1373,364,3308,0,13.2,4,0,1.0,3432.5,0,0,Road,None,None,0,South,High,0,0.62,0.89,3,4.9,Excellent
2024-10-14,94,PROD_003,Industrial,SUP_C2,766,767,0.13,606,424,4254,0,5.5,5,0,1.0,1515.0,0,0,Rail,Rain,Rain,0,South,Low,0,0.78,0.99,3,4.9,Excellent
2024-10-21,95,PROD_003,Industrial,SUP_C3,781,818,4.74,907,387,3511,0,7.8,4,1,0.74,2267.5,29256,2,Rail,None,None,0,West,Medium,0,1.08,0.89,3,3.2,Critical
2024-10-28,96,PROD_003,Industrial,SUP_C1,734,807,9.95,1380,257,1725,0,12.0,2,0,1.0,3450.0,0,0,Road,None,None,0,South,Medium,4,0.71,0.92,3,5.0,Excellent
2024-11-04,97,PROD_003,Industrial,SUP_C2,780,796,2.05,584,386,3506,0,5.1,4,0,1.0,1460.0,0,0,Rail,None,None,0,North,Low,8,0.81,0.87,3,5.0,Excellent
2024-11-11,98,PROD_003,Industrial,SUP_C3,810,867,7.04,1102,284,1904,0,8.9,2,1,0.67,2755.0,22640,1,Road,None,None,0,North,High,0,1.03,0.92,1,3.2,Critical
2024-11-18,99,PROD_003,Industrial,SUP_C1,722,778,7.76,1586,357,3245,0,14.3,4,0,1.0,3965.0,0,0,Rail,None,None,0,South,Low,0,0.58,0.9,4,5.0,Excellent
2024-11-25,100,PROD_003,Industrial,SUP_C2,787,835,6.1,751,390,3538,0,6.3,4,0,1.0,1877.5,0,0,Road,None,None,0,West,Low,0,0.71,0.95,1,5.0,Excellent
2024-12-02,101,PROD_003,Industrial,SUP_C3,783,851,8.68,1064,336,2685,0,8.8,3,1,0.88,2660.0,6200,1,Rail,Rain,Rain,0,South,Low,0,0.94,0.96,2,4.1,Good
2024-12-09,102,PROD_003,Industrial,SUP_C1,950,968,1.89,1119,333,2233,0,8.1,2,0,1.0,2797.5,0,0,Air,None,None,0,East,Low,0,0.89,0.99,4,5.0,Excellent
2024-12-16,103,PROD_003,Industrial,SUP_C2,878,895,1.94,1327,486,4876,0,10.4,5,0,1.0,3317.5,0,0,Road,None,None,0,North,Low,0,0.73,0.87,5,5.0,Excellent
2024-12-23,104,PROD_003,Industrial,SUP_C3,787,853,8.39,1953,275,1849,0,16.0,2,0,1.0,4882.5,0,0,Air,None,None,0,West,Low,0,0.52,0.97,2,5.0,Excellent
2023-01-02,1,PROD_004,Pharmaceuticals,SUP_D2,768,780,1.56,1192,329,2633,0,10.7,3,0,1.0,2980.0,0,0,Road,None,None,0,South,High,0,0.49,0.87,3,5.0,Excellent
2023-01-09,2,PROD_004,Pharmaceuticals,SUP_D1,803,850,5.85,1812,444,4459,0,14.9,5,0,1.0,4530.0,0,0,Sea,None,None,0,West,Low,0,0.57,0.99,1,5.0,Excellent
2023-01-16,3,PROD_004,Pharmaceuticals,SUP_D2,773,812,5.05,1000,271,1817,0,8.6,2,0,1.0,2500.0,0,0,Road,None,None,0,South,Low,0,0.58,0.88,2,5.0,Excellent
2023-01-23,4,PROD_004,Pharmaceuticals,SUP_D1,775,780,0.65,1558,271,1821,0,14.0,2,0,1.0,3895.0,0,0,Road,None,None,0,East,Low,0,0.61,0.93,4,5.0,Excellent
2023-01-30,5,PROD_004,Pharmaceuticals,SUP_D2,802,883,10.1,675,397,3605,0,5.4,4,0,1.0,1687.5,0,0,Road,None,None,0,West,Medium,0,0.79,0.96,2,5.0,Excellent
2023-02-06,6,PROD_004,Pharmaceuticals,SUP_D1,838,795,-5.13,1040,549,6415,0,9.2,7,1,0.85,2600.0,12360,5,Sea,Storm,Storm,0,South,Medium,5,0.93,0.9,2,2.9,Warning
2023-02-13,7,PROD_004,Pharmaceuticals,SUP_D2,854,842,-1.41,1399,423,3839,0,11.6,4,0,1.0,3497.5,0,0,Road,None,None,0,West,Medium,0,0.69,0.86,5,5.0,Excellent
2023-02-20,8,PROD_004,Pharmaceuticals,SUP_D1,856,886,3.5,513,367,2935,0,4.1,3,0,1.0,1282.5,0,0,Road,None,None,0,West,Critical,0,0.93,0.87,4,5.0,Excellent
2023-02-27,9,PROD_004,Pharmaceuticals,SUP_D2,857,876,2.22,775,367,2938,0,6.2,3,1,0.59,1937.5,45375,2,Rail,None,None,0,East,Critical,0,1.36,0.88,2,2.7,Critical
2023-03-06,10,PROD_004,Pharmaceuticals,SUP_D1,852,842,-1.17,1039,472,4732,0,8.6,5,1,0.92,2597.5,4422,1,Rail,None,None,0,West,High,0,0.93,1.0,5,3.8,Good
2023-03-13,11,PROD_004,Pharmaceuticals,SUP_D2,827,926,11.97,1151,458,4593,0,8.7,5,0,1.0,2877.5,0,0,Rail,None,None,0,West,Medium,9,0.85,0.93,5,5.0,Excellent
2023-03-20,12,PROD_004,Pharmaceuticals,SUP_D1,870,925,6.32,1651,305,2045,0,12.5,2,0,1.0,4127.5,0,0,Air,None,None,0,West,Low,0,0.66,0.88,4,5.0,Excellent
2023-03-27,13,PROD_004,Pharmaceuticals,SUP_D2,809,889,9.89,762,400,3636,0,6.0,4,0,1.0,1905.0,0,0,Sea,None,None,0,West,Low,0,0.74,0.98,5,5.0,Excellent
2023-04-03,14,PROD_004,Pharmaceuticals,SUP_D1,959,1072,11.78,930,531,5326,0,6.1,5,1,0.71,2325.0,37200,4,Rail,None,Port_Congestion,0,South,Critical,0,1.27,0.85,3,3.3,Critical
2023-04-10,15,PROD_004,Pharmaceuticals,SUP_D2,832,957,15.02,1296,291,1955,0,9.5,2,1,0.97,3240.0,3537,1,Air,None,None,0,East,Low,0,0.86,0.98,4,4.8,Good
2023-04-17,16,PROD_004,Pharmaceuticals,SUP_D1,837,850,1.55,1638,359,2870,0,13.5,3,0,1.0,4095.0,0,0,Rail,None,None,0,East,Critical,0,0.58,0.95,1,4.8,Excellent
2023-04-24,17,PROD_004,Pharmaceuticals,SUP_D2,815,787,-3.44,851,403,3663,0,7.6,4,0,1.0,2127.5,0,3,Road,None,Tariff_Hike,1,South,Medium,0,0.63,0.89,4,4.9,Excellent
2023-05-01,18,PROD_004,Pharmaceuticals,SUP_D1,859,866,0.81,1263,425,3861,0,10.2,4,1,0.98,3157.5,795,1,Road,None,None,0,West,Low,0,0.82,0.88,5,5.0,Good
2023-05-08,19,PROD_004,Pharmaceuticals,SUP_D2,821,846,3.05,1891,406,3690,0,15.6,4,0,1.0,4727.5,0,0,Road,None,None,0,West,Medium,0,0.54,0.98,1,5.0,Excellent
2023-05-15,20,PROD_004,Pharmaceuticals,SUP_D1,827,820,-0.85,1071,355,2836,0,9.1,3,0,1.0,2677.5,0,0,Rail,None,None,0,North,Low,0,0.55,0.98,5,5.0,Excellent
2023-05-22,21,PROD_004,Pharmaceuticals,SUP_D2,754,887,17.64,1352,264,1772,0,10.7,2,0,1.0,3380.0,0,0,Air,None,None,0,East,High,0,0.73,0.86,5,5.0,Excellent
2023-05-29,22,PROD_004,Pharmaceuticals,SUP_D1,688,770,11.92,582,341,3093,0,5.3,4,0,1.0,1455.0,0,0,Road,None,None,0,East,Critical,0,0.8,0.86,4,5.0,Excellent
2023-06-05,23,PROD_004,Pharmaceuticals,SUP_D2,788,754,-4.31,1170,338,2702,0,10.9,3,1,0.77,2925.0,10664,1,Road,None,None,0,West,Low,0,0.86,0.97,3,3.7,Warning
2023-06-12,24,PROD_004,Pharmaceuticals,SUP_D1,751,864,15.05,1546,372,3376,0,12.5,4,0,1.0,3865.0,0,0,Road,None,None,0,South,Low,0,0.64,0.93,2,5.0,Excellent
2023-06-19,25,PROD_004,Pharmaceuticals,SUP_D2,767,803,4.69,743,268,1802,0,6.5,2,0,1.0,1857.5,0,0,Road,None,None,0,North,Medium,0,0.7,0.9,4,5.0,Excellent
2023-06-26,26,PROD_004,Pharmaceuticals,SUP_D1,681,758,11.31,1035,238,1600,0,9.6,2,1,0.98,2587.5,2070,2,Road,None,None,0,South,High,0,0.85,0.97,3,4.5,Good
2023-07-03,27,PROD_004,Pharmaceuticals,SUP_D2,750,772,2.93,1343,263,1763,0,12.2,2,0,1.0,3357.5,0,0,Air,None,None,0,North,Low,0,0.65,0.88,5,5.0,Excellent
2023-07-10,28,PROD_004,Pharmaceuticals,SUP_D1,737,744,0.95,599,365,3313,0,5.6,4,0,1.0,1497.5,0,0,Road,None,None,0,West,Low,0,0.77,0.92,1,5.0,Excellent
2023-07-17,29,PROD_004,Pharmaceuticals,SUP_D2,736,740,0.54,1227,407,4087,0,11.6,5,1,0.81,3067.5,9447,2,Road,None,None,0,East,Medium,0,0.81,0.85,2,3.9,Warning
2023-07-24,30,PROD_004,Pharmaceuticals,SUP_D1,651,728,11.83,1837,228,1530,0,17.7,2,0,1.0,4592.5,0,0,Air,None,None,0,West,Medium,0,0.48,1.0,3,5.0,Excellent
2023-07-31,31,PROD_004,Pharmaceuticals,SUP_D2,639,662,3.6,1175,316,2872,0,12.4,4,0,1.0,2937.5,0,0,Road,None,None,0,East,High,0,0.44,0.99,3,5.0,Excellent
2023-08-07,32,PROD_004,Pharmaceuticals,SUP_D1,534,605,13.3,570,264,2400,0,6.6,4,0,1.0,1425.0,0,0,Road,None,None,0,East,High,0,0.69,0.93,3,4.8,Excellent
2023-08-14,33,PROD_004,Pharmaceuticals,SUP_D2,593,652,9.95,1248,328,3293,0,13.4,5,1,0.87,3120.0,8364,0,Road,None,None,0,South,High,0,0.72,0.99,5,4.7,Good
2023-08-21,34,PROD_004,Pharmaceuticals,SUP_D1,520,602,15.77,646,182,1222,0,7.5,2,0,1.0,1615.0,0,0,Road,None,None,0,East,Low,0,0.64,0.95,5,4.8,Excellent
2023-08-28,35,PROD_004,Pharmaceuticals,SUP_D2,626,638,1.92,1189,310,2814,0,13.0,4,0,1.0,2972.5,0,0,Rail,None,None,0,West,High,0,0.7,0.88,3,5.0,Excellent
2023-09-04,36,PROD_004,Pharmaceuticals,SUP_D1,507,575,13.41,614,177,1191,0,7.5,2,0,1.0,1535.0,0,3,Air,None,Tariff_Hike,1,South,Critical,0,0.64,0.85,5,4.8,Excellent
2023-09-11,37,PROD_004,Pharmaceuticals,SUP_D2,539,607,12.62,1459,298,2993,0,16.8,5,0,1.0,3647.5,0,0,Road,None,None,0,South,Medium,2,0.59,0.91,3,5.0,Excellent
2023-09-18,38,PROD_004,Pharmaceuticals,SUP_D1,671,702,4.62,757,371,3726,0,7.5,5,0,1.0,1892.5,0,0,Rail,None,None,0,West,Medium,5,0.63,0.95,2,5.0,Excellent
2023-09-25,39,PROD_004,Pharmaceuticals,SUP_D2,548,589,7.48,1275,271,2463,0,15.2,4,0,1.0,3187.5,0,0,Rail,None,None,0,East,Low,0,0.58,0.95,5,5.0,Excellent
2023-10-02,40,PROD_004,Pharmaceuticals,SUP_D1,594,536,-9.76,739,255,2037,0,9.7,3,0,1.0,1847.5,0,0,Sea,None,None,0,North,Low,3,0.53,0.9,4,5.0,Excellent
2023-10-09,41,PROD_004,Pharmaceuticals,SUP_D2,544,616,13.24,1431,233,1865,0,16.3,3,0,1.0,3577.5,0,0,Rail,Rain,Rain,0,South,Low,0,0.57,0.99,5,5.0,Excellent
2023-10-16,42,PROD_004,Pharmaceuticals,SUP_D1,569,605,6.33,826,199,1337,0,9.6,2,0,1.0,2065.0,0,0,Air,None,None,0,South,Medium,0,0.54,0.94,1,5.0,Excellent
2023-10-23,43,PROD_004,Pharmaceuticals,SUP_D2,646,695,7.59,1236,277,2215,0,12.4,3,0,1.0,3090.0,0,1,Road,None,Port_Congestion,0,South,Medium,0,0.67,1.0,1,5.0,Excellent
2023-10-30,44,PROD_004,Pharmaceuticals,SUP_D1,613,661,7.83,575,339,3404,0,6.1,5,0,1.0,1437.5,0,0,Rail,Rain,Rain,0,South,Medium,0,0.73,0.98,4,5.0,Excellent
2023-11-06,45,PROD_004,Pharmaceuticals,SUP_D2,744,761,2.28,1025,368,3344,0,9.4,4,1,0.76,2562.5,18414,0,Road,None,None,0,North,Low,0,0.95,0.97,4,4.0,Warning
2023-11-13,46,PROD_004,Pharmaceuticals,SUP_D1,658,664,0.91,1794,282,2256,0,18.9,3,0,1.0,4485.0,0,0,Rail,None,None,0,South,Low,0,0.47,0.94,2,4.8,Excellent
2023-11-20,47,PROD_004,Pharmaceuticals,SUP_D2,700,718,2.57,1076,245,1645,0,10.5,2,0,1.0,2690.0,0,0,Road,Rain,Rain,0,West,Medium,0,0.5,0.97,3,5.0,Excellent
2023-11-27,48,PROD_004,Pharmaceuticals,SUP_D1,714,690,-3.36,1775,353,3209,0,18.0,4,0,1.0,4437.5,0,0,Rail,None,None,0,South,Critical,0,0.48,0.89,4,5.0,Excellent
2023-12-04,49,PROD_004,Pharmaceuticals,SUP_D2,739,717,-2.98,1058,366,3322,0,10.3,4,0,1.0,2645.0,0,1,Road,None,Port_Congestion,0,East,Medium,0,0.51,0.95,2,4.9,Excellent
2023-12-11,50,PROD_004,Pharmaceuticals,SUP_D1,718,720,0.28,1476,251,1687,0,14.4,2,0,1.0,3690.0,0,0,Road,None,None,0,East,Medium,11,0.57,0.9,5,5.0,Excellent
2023-12-18,51,PROD_004,Pharmaceuticals,SUP_D2,734,816,11.17,660,257,1725,0,5.7,2,0,1.0,1650.0,0,0,Air,None,None,0,West,Low,9,0.76,0.89,5,5.0,Excellent
2023-12-25,52,PROD_004,Pharmaceuticals,SUP_D1,798,826,3.51,917,442,4432,0,7.8,5,1,0.8,2292.5,15936,0,Rail,None,None,0,East,Low,0,1.05,0.85,4,4.0,Warning
2024-01-01,53,PROD_004,Pharmaceuticals,SUP_D2,771,849,10.12,1445,270,1812,0,11.9,2,0,1.0,3612.5,0,0,Road,None,None,0,South,Low,0,0.72,0.97,5,5.0,Excellent
2024-01-08,54,PROD_004,Pharmaceuticals,SUP_D1,711,781,9.85,664,249,1671,0,6.0,2,0,1.0,1660.0,0,0,Air,None,None,0,North,High,0,0.74,0.91,3,5.0,Excellent
2024-01-15,55,PROD_004,Pharmaceuticals,SUP_D2,856,866,1.17,873,424,3848,0,7.1,4,1,0.77,2182.5,26260,1,Sea,None,Tariff_Hike,1,North,Low,0,1.13,0.92,1,3.4,Warning
2024-01-22,56,PROD_004,Pharmaceuticals,SUP_D1,842,825,-2.02,1159,295,1979,0,9.8,2,0,1.0,2897.5,0,0,Road,None,None,0,South,High,0,0.81,0.96,5,4.7,Excellent
2024-01-29,57,PROD_004,Pharmaceuticals,SUP_D2,780,899,15.26,1673,386,3506,0,13.0,4,0,1.0,4182.5,0,0,Road,None,None,0,West,Low,0,0.63,0.96,3,5.0,Excellent
2024-02-05,58,PROD_004,Pharmaceuticals,SUP_D1,813,848,4.31,825,402,3654,0,6.8,4,0,1.0,2062.5,0,5,Road,None,Port_Congestion,0,West,Low,0,0.68,0.89,3,4.8,Excellent
2024-02-12,59,PROD_004,Pharmaceuticals,SUP_D2,997,962,-3.51,1151,494,4482,0,8.4,4,1,0.86,2877.5,13152,2,Road,None,None,0,East,Low,0,0.97,0.95,2,3.7,Good
2024-02-19,60,PROD_004,Pharmaceuticals,SUP_D1,1039,1036,-0.29,1207,364,2442,0,8.2,2,0,1.0,3017.5,0,0,Air,None,None,0,West,Low,0,0.88,0.95,5,4.6,Excellent
2024-02-26,61,PROD_004,Pharmaceuticals,SUP_D2,904,935,3.43,1540,316,2124,0,11.5,2,0,1.0,3850.0,0,0,Air,None,None,0,North,Medium,0,0.68,0.95,2,4.9,Excellent
2024-03-04,62,PROD_004,Pharmaceuticals,SUP_D1,958,995,3.86,545,474,4306,0,3.8,4,0,1.0,1362.5,0,0,Rail,None,None,0,West,Low,0,0.95,0.93,5,4.7,Excellent
2024-03-11,63,PROD_004,Pharmaceuticals,SUP_D2,966,1012,4.76,868,535,5365,0,6.0,5,1,0.54,2170.0,63045,2,Road,None,None,0,North,Low,0,1.43,0.89,5,2.6,Critical
2024-03-18,64,PROD_004,Pharmaceuticals,SUP_D1,890,938,5.39,959,382,3052,0,7.2,3,1,0.93,2397.5,6650,2,Road,None,None,0,West,Low,0,1.03,0.89,2,4.5,Good
2024-03-25,65,PROD_004,Pharmaceuticals,SUP_D2,906,986,8.83,1192,317,2129,0,8.5,2,1,0.97,2980.0,3456,0,Road,None,None,0,West,High,0,0.92,0.92,5,4.7,Excellent
2024-04-01,66,PROD_004,Pharmaceuticals,SUP_D1,870,920,5.75,1477,431,3911,0,11.2,4,0,1.0,3692.5,0,0,Road,None,None,0,South,Medium,0,0.69,0.96,4,5.0,Excellent
2024-04-08,67,PROD_004,Pharmaceuticals,SUP_D2,926,984,6.26,1906,397,3175,0,13.6,3,0,1.0,4765.0,0,0,Sea,None,None,0,North,Low,0,0.58,0.98,1,5.0,Excellent
2024-04-15,68,PROD_004,Pharmaceuticals,SUP_D1,896,867,-3.24,1039,496,4976,0,8.4,5,0,1.0,2597.5,0,0,Road,None,None,0,West,High,2,0.59,0.96,2,4.9,Excellent
2024-04-22,69,PROD_004,Pharmaceuticals,SUP_D2,919,904,-1.63,1226,509,5104,0,9.5,5,0,1.0,3065.0,0,0,Road,None,None,0,East,Critical,0,0.8,0.91,2,4.5,Excellent
2024-04-29,70,PROD_004,Pharmaceuticals,SUP_D1,944,1009,6.89,1706,405,3237,0,11.8,3,0,1.0,4265.0,0,0,Rail,None,None,0,South,Medium,0,0.69,0.96,4,5.0,Excellent
2024-05-06,71,PROD_004,Pharmaceuticals,SUP_D2,872,993,13.88,713,305,2049,0,5.0,2,0,1.0,1782.5,0,0,Road,None,None,0,West,High,0,0.82,0.88,4,4.7,Excellent
2024-05-13,72,PROD_004,Pharmaceuticals,SUP_D1,858,924,7.69,1159,368,2942,0,8.8,3,1,0.77,2897.5,12871,1,Sea,None,None,0,South,Low,0,0.99,0.97,1,3.3,Warning
2024-05-20,73,PROD_004,Pharmaceuticals,SUP_D2,800,907,13.38,1731,343,2743,0,13.4,3,0,1.0,4327.5,0,5,Rail,None,Tariff_Hike,1,East,Medium,0,0.63,0.89,3,5.0,Excellent
2024-05-27,74,PROD_004,Pharmaceuticals,SUP_D1,890,915,2.81,816,441,4001,0,6.2,4,0,1.0,2040.0,0,0,Sea,None,None,0,North,High,0,0.72,0.88,4,5.0,Excellent
2024-06-03,75,PROD_004,Pharmaceuticals,SUP_D2,800,845,5.62,992,280,1880,0,8.2,2,1,0.97,2480.0,3248,2,Air,None,None,0,South,Low,0,0.93,0.97,4,4.7,Good
2024-06-10,76,PROD_004,Pharmaceuticals,SUP_D1,731,784,7.25,1439,362,3286,0,12.8,4,0,1.0,3597.5,0,0,Road,None,None,0,South,High,0,0.65,1.0,2,5.0,Excellent
2024-06-17,77,PROD_004,Pharmaceuticals,SUP_D2,862,957,11.02,1881,302,2026,0,13.8,2,0,1.0,4702.5,0,2,Road,None,Tariff_Hike,1,East,Low,0,0.58,0.99,3,5.0,Excellent
2024-06-24,78,PROD_004,Pharmaceuticals,SUP_D1,771,765,-0.78,1116,427,4282,0,10.2,5,0,1.0,2790.0,0,0,Sea,None,None,0,North,Critical,0,0.51,0.94,3,5.0,Excellent
2024-07-01,79,PROD_004,Pharmaceuticals,SUP_D2,907,881,-2.87,1295,449,4077,0,10.3,4,0,1.0,3237.5,0,0,Sea,None,None,0,West,Low,0,0.73,0.92,2,5.0,Excellent
2024-07-08,80,PROD_004,Pharmaceuticals,SUP_D1,782,817,4.48,1587,433,4343,0,13.6,5,0,1.0,3967.5,0,0,Road,None,None,0,South,Medium,0,0.57,0.93,3,5.0,Excellent
2024-07-15,81,PROD_004,Pharmaceuticals,SUP_D2,801,821,2.5,766,280,1882,0,6.5,2,0,1.0,1915.0,0,5,Air,None,Tariff_Hike,1,South,High,0,0.7,0.93,3,5.0,Excellent
2024-07-22,82,PROD_004,Pharmaceuticals,SUP_D1,731,777,6.29,1416,256,1718,0,12.8,2,1,0.99,3540.0,770,2,Road,None,Labor_Strike,0,North,Low,0,0.71,0.95,1,4.5,Good
2024-07-29,83,PROD_004,Pharmaceuticals,SUP_D2,823,796,-3.28,620,455,4570,0,5.5,5,0,1.0,1550.0,0,0,Road,None,None,0,South,Medium,0,0.78,0.86,2,4.8,Excellent
2024-08-05,84,PROD_004,Pharmaceuticals,SUP_D1,676,729,7.84,1265,335,3039,0,12.1,4,1,0.85,3162.5,8938,1,Sea,None,None,0,North,Medium,0,0.77,0.95,3,4.0,Good
2024-08-12,85,PROD_004,Pharmaceuticals,SUP_D2,638,721,13.01,544,353,3543,0,5.3,5,0,1.0,1360.0,0,0,Sea,None,None,0,South,Medium,0,0.8,0.86,3,4.7,Excellent
2024-08-19,86,PROD_004,Pharmaceuticals,SUP_D1,652,679,4.14,1278,361,3621,0,13.2,5,1,0.8,3195.0,18765,2,Road,Rain,Rain,0,East,Low,0,0.75,0.98,3,3.6,Warning
2024-08-26,87,PROD_004,Pharmaceuticals,SUP_D2,666,639,-4.05,639,369,3699,0,7.0,5,0,1.0,1597.5,0,0,Rail,None,None,0,North,Low,0,0.67,0.97,3,4.8,Excellent
2024-09-02,88,PROD_004,Pharmaceuticals,SUP_D1,666,698,4.8,1147,286,2284,0,11.5,3,1,0.92,2867.5,3363,1,Rail,None,Labor_Strike,0,West,Critical,0,0.78,0.9,5,4.2,Good
2024-09-09,89,PROD_004,Pharmaceuticals,SUP_D2,655,662,1.07,1978,281,2246,0,20.9,3,0,1.0,4945.0,0,0,Road,None,None,0,South,Low,0,0.42,0.91,2,5.0,Excellent
2024-09-16,90,PROD_004,Pharmaceuticals,SUP_D1,599,738,23.21,1240,363,3957,0,11.8,6,0,1.0,3100.0,0,4,Rail,Heatwave,Heatwave,0,East,Low,0,0.46,0.97,5,4.5,Warning
2024-09-23,91,PROD_004,Pharmaceuticals,SUP_D2,523,606,15.87,634,289,2904,0,7.3,5,0,1.0,1585.0,0,0,Rail,None,None,0,East,Low,0,0.65,0.88,4,5.0,Excellent
2024-09-30,92,PROD_004,Pharmaceuticals,SUP_D1,744,721,-3.09,1365,319,2551,0,13.3,3,1,0.88,3412.5,9657,1,Sea,None,None,0,North,Low,0,0.72,0.9,4,3.9,Good
2024-10-07,93,PROD_004,Pharmaceuticals,SUP_D2,662,699,5.59,666,328,2976,0,6.7,4,0,1.0,1665.0,0,0,Road,None,None,0,West,Medium,0,0.69,0.86,2,4.8,Excellent
2024-10-14,94,PROD_004,Pharmaceuticals,SUP_D1,666,701,5.26,1363,330,2994,0,13.6,4,1,0.95,3407.5,2310,2,Sea,None,None,0,West,Critical,0,0.69,0.87,5,4.5,Good
2024-10-21,95,PROD_004,Pharmaceuticals,SUP_D2,650,700,7.69,663,228,1528,0,6.6,2,0,1.0,1657.5,0,0,Air,None,None,0,North,Medium,0,0.69,0.92,4,4.8,Excellent
2024-10-28,96,PROD_004,Pharmaceuticals,SUP_D1,703,696,-1.0,1261,246,1652,0,12.7,2,1,0.95,3152.5,3432,1,Air,None,None,0,East,Critical,0,0.72,0.99,5,4.5,Good
2024-11-04,97,PROD_004,Pharmaceuticals,SUP_D2,759,727,-4.22,534,325,2602,0,5.1,3,0,1.0,1335.0,0,0,Sea,None,None,0,East,High,0,0.81,0.88,1,5.0,Excellent
2024-11-11,98,PROD_004,Pharmaceuticals,SUP_D1,650,672,3.38,1312,228,1528,0,13.7,2,1,0.79,3280.0,19734,1,Air,None,None,0,South,Medium,0,0.73,0.97,5,3.6,Warning
2024-11-18,99,PROD_004,Pharmaceuticals,SUP_D2,658,735,11.7,577,326,2958,0,5.5,4,0,1.0,1442.5,0,2,Road,None,Tariff_Hike,1,East,Medium,0,0.78,0.98,4,5.0,Excellent
2024-11-25,100,PROD_004,Pharmaceuticals,SUP_D1,939,894,-4.79,1070,465,4221,0,8.4,4,1,0.65,2675.0,22507,1,Sea,None,Port_Congestion,0,West,Low,0,1.09,0.97,4,2.8,Critical
2024-12-02,101,PROD_004,Pharmaceuticals,SUP_D2,626,684,9.27,1658,346,3476,0,17.0,5,0,1.0,4145.0,0,0,Sea,None,None,0,East,Critical,0,0.5,0.99,5,4.9,Excellent
2024-12-09,102,PROD_004,Pharmaceuticals,SUP_D1,773,822,6.34,836,271,1817,0,7.1,2,0,1.0,2090.0,0,4,Air,None,Tariff_Hike,1,South,Low,0,0.66,0.97,5,5.0,Excellent
2024-12-16,103,PROD_004,Pharmaceuticals,SUP_D2,879,921,4.78,1010,377,3014,0,7.7,3,1,0.91,2525.0,5270,1,Rail,None,None,0,East,Low,0,1.0,0.92,3,4.0,Good
2024-12-23,104,PROD_004,Pharmaceuticals,SUP_D1,772,786,1.81,1366,331,2647,0,12.2,3,0,1.0,3415.0,0,0,Road,Rain,Rain,0,North,Low,0,0.66,0.97,5,5.0,Excellent
2023-01-02,1,PROD_005,Automotive,SUP_E2,480,524,9.17,519,238,2158,0,6.9,4,0,1.0,1297.5,0,0,Road,None,None,0,West,Low,0,0.67,0.92,5,5.0,Excellent
2023-01-09,2,PROD_005,Automotive,SUP_E3,547,556,1.65,1152,271,2459,0,14.5,4,1,0.93,2880.0,3367,2,Road,None,None,0,North,Low,0,0.67,0.95,1,4.4,Good
2023-01-16,3,PROD_005,Automotive,SUP_E1,425,492,15.76,660,210,1910,0,9.4,4,0,1.0,1650.0,0,0,Rail,None,None,0,West,Low,0,0.54,0.93,1,5.0,Excellent
2023-01-23,4,PROD_005,Automotive,SUP_E2,584,607,3.94,1208,250,2002,0,13.9,3,0,1.0,3020.0,0,0,Rail,None,None,0,East,High,0,0.65,0.95,4,5.0,Excellent
2023-01-30,5,PROD_005,Automotive,SUP_E3,468,489,4.49,719,259,2599,0,10.3,5,0,1.0,1797.5,0,0,Rail,Rain,Rain,0,West,Medium,0,0.51,0.99,4,5.0,Excellent
2023-02-06,6,PROD_005,Automotive,SUP_E1,480,560,16.67,1518,266,2666,0,19.0,5,0,1.0,3795.0,0,0,Rail,None,None,0,West,Critical,0,0.5,0.89,2,4.9,Excellent
2023-02-13,7,PROD_005,Automotive,SUP_E2,528,605,14.58,913,292,2932,0,10.6,5,0,1.0,2282.5,0,0,Road,Rain,Rain,0,North,Low,0,0.5,0.87,4,5.0,Excellent
2023-02-20,8,PROD_005,Automotive,SUP_E3,494,646,30.77,1516,212,1694,0,16.4,3,0,1.0,3790.0,0,0,Road,None,None,0,East,Medium,0,0.53,0.95,2,5.0,Excellent
2023-02-27,9,PROD_005,Automotive,SUP_E1,644,605,-6.06,911,319,2895,0,10.5,4,0,1.0,2277.5,0,0,Road,None,None,0,East,Critical,0,0.5,0.9,4,5.0,Excellent
2023-03-06,10,PROD_005,Automotive,SUP_E2,584,655,12.16,1321,250,2002,0,14.1,3,0,1.0,3302.5,0,0,Rail,None,None,0,South,High,0,0.59,0.94,4,5.0,Excellent
2023-03-13,11,PROD_005,Automotive,SUP_E3,585,618,5.64,703,251,2006,0,8.0,3,0,1.0,1757.5,0,0,Road,None,None,0,West,High,0,0.61,0.89,4,4.9,Excellent
2023-03-20,12,PROD_005,Automotive,SUP_E1,605,680,12.4,1135,335,3360,0,11.7,5,0,1.0,2837.5,0,0,Sea,None,None,0,East,Medium,0,0.74,0.96,4,4.9,Excellent
2023-03-27,13,PROD_005,Automotive,SUP_E2,766,773,0.91,1812,328,2626,0,16.4,3,0,1.0,4530.0,0,0,Road,None,None,0,West,Low,0,0.52,0.9,1,4.7,Excellent
2023-04-03,14,PROD_005,Automotive,SUP_E3,616,687,11.53,1125,341,3421,0,11.5,5,0,1.0,2812.5,0,0,Road,None,None,0,South,Low,0,0.47,0.86,5,5.0,Excellent
2023-04-10,15,PROD_005,Automotive,SUP_E1,746,698,-6.43,1758,261,1753,0,17.6,2,0,1.0,4395.0,0,0,Air,None,None,0,South,Low,0,0.48,0.94,5,4.8,Excellent
2023-04-17,16,PROD_005,Automotive,SUP_E2,514,578,12.45,1180,284,2854,0,14.3,5,0,1.0,2950.0,0,0,Rail,None,None,0,East,Medium,0,0.39,0.85,1,4.9,Excellent
2023-04-24,17,PROD_005,Automotive,SUP_E3,593,615,3.71,565,254,2033,0,6.4,3,0,1.0,1412.5,0,0,Rail,None,None,0,West,Low,0,0.7,0.97,1,4.9,Excellent
2023-05-01,18,PROD_005,Automotive,SUP_E1,662,719,8.61,935,284,2270,0,9.1,3,1,0.79,2337.5,10164,0,Road,None,None,0,East,High,0,0.96,0.9,5,4.1,Warning
2023-05-08,19,PROD_005,Automotive,SUP_E2,587,664,13.12,1553,291,2639,0,16.4,4,0,1.0,3882.5,0,0,Road,None,None,0,South,Low,0,0.53,0.9,3,4.9,Excellent
2023-05-15,20,PROD_005,Automotive,SUP_E3,704,659,-6.39,894,246,1654,0,9.5,2,0,1.0,2235.0,0,0,Road,None,None,0,North,Medium,0,0.54,0.9,3,5.0,Excellent
2023-05-22,21,PROD_005,Automotive,SUP_E1,534,595,11.42,1697,264,2400,0,20.0,4,0,1.0,4242.5,0,0,Road,None,None,0,West,Low,0,0.46,0.86,3,4.9,Excellent
2023-05-29,22,PROD_005,Automotive,SUP_E2,612,638,4.25,1059,339,3399,0,11.6,5,0,1.0,2647.5,0,0,Sea,None,None,0,East,High,0,0.46,0.94,1,5.0,Excellent
2023-06-05,23,PROD_005,Automotive,SUP_E3,451,550,21.95,509,193,1546,0,6.5,3,0,1.0,1272.5,0,0,Rail,None,None,0,North,Medium,3,0.7,0.89,4,4.8,Excellent
2023-06-12,24,PROD_005,Automotive,SUP_E1,503,594,18.09,1201,278,2793,0,14.2,5,1,0.86,3002.5,9775,2,Road,None,None,0,East,Low,0,0.69,0.96,1,4.3,Good
2023-06-19,25,PROD_005,Automotive,SUP_E2,667,642,-3.75,559,286,2287,0,6.1,3,0,1.0,1397.5,0,1,Road,None,Tariff_Hike,1,West,Medium,0,0.73,0.9,2,4.8,Excellent
2023-06-26,26,PROD_005,Automotive,SUP_E3,570,606,6.32,1405,315,3165,0,16.2,5,1,0.92,3512.5,3384,1,Sea,None,None,0,West,Low,0,0.62,0.89,4,4.5,Good
2023-07-03,27,PROD_005,Automotive,SUP_E1,424,464,9.43,941,148,996,0,14.2,2,0,1.0,2352.5,0,0,Air,None,None,0,East,Low,0,0.4,0.9,4,5.0,Excellent
2023-07-10,28,PROD_005,Automotive,SUP_E2,545,603,10.64,1726,302,3027,0,20.0,5,0,1.0,4315.0,0,0,Road,None,None,0,East,Medium,0,0.45,0.97,1,5.0,Excellent
2023-07-17,29,PROD_005,Automotive,SUP_E3,547,587,7.31,1139,406,5329,0,13.6,9,0,1.0,2847.5,0,4,Rail,Heatwave,Heatwave,0,East,Low,0,0.41,0.92,2,4.2,Warning
2023-07-24,30,PROD_005,Automotive,SUP_E1,361,494,36.84,645,126,848,0,9.1,2,0,1.0,1612.5,0,0,Road,Rain,Rain,0,South,Medium,0,0.55,0.87,5,5.0,Excellent
2023-07-31,31,PROD_005,Automotive,SUP_E2,412,444,7.77,1625,204,1852,0,25.6,4,0,1.0,4062.5,0,0,Sea,None,None,0,North,Low,0,0.39,0.94,2,5.0,Excellent
2023-08-07,32,PROD_005,Automotive,SUP_E3,411,455,10.71,1170,227,2282,0,18.0,5,0,1.0,2925.0,0,0,Rail,None,None,0,East,Low,0,0.33,0.86,2,5.0,Excellent
2023-08-14,33,PROD_005,Automotive,SUP_E1,420,446,6.19,724,180,1440,0,11.4,3,0,1.0,1810.0,0,0,Road,None,None,0,West,Low,11,0.47,0.97,3,5.0,Excellent
2023-08-21,34,PROD_005,Automotive,SUP_E2,445,472,6.07,1381,220,2000,0,20.5,4,0,1.0,3452.5,0,0,Road,None,None,0,North,Medium,0,0.45,0.96,4,5.0,Excellent
2023-08-28,35,PROD_005,Automotive,SUP_E3,349,413,18.34,968,193,1938,0,16.4,5,0,1.0,2420.0,0,0,Rail,None,None,0,West,Medium,0,0.35,0.99,4,4.9,Excellent
2023-09-04,36,PROD_005,Automotive,SUP_E1,333,392,17.72,576,165,1497,0,10.3,4,0,1.0,1440.0,0,0,Rail,None,None,0,East,High,0,0.51,0.86,4,4.7,Excellent
2023-09-11,37,PROD_005,Automotive,SUP_E2,354,473,33.62,1377,124,832,0,20.4,2,0,1.0,3442.5,0,0,Air,None,None,0,North,Critical,0,0.48,0.97,3,5.0,Excellent
2023-09-18,38,PROD_005,Automotive,SUP_E3,324,398,22.84,979,179,1799,0,17.2,5,0,1.0,2447.5,0,4,Sea,None,Tariff_Hike,1,South,Medium,0,0.34,0.88,4,5.0,Excellent
2023-09-25,39,PROD_005,Automotive,SUP_E1,397,466,17.38,513,170,1361,0,7.7,3,0,1.0,1282.5,0,0,Road,None,None,0,South,Low,0,0.62,0.9,4,4.8,Excellent
2023-10-02,40,PROD_005,Automotive,SUP_E2,410,480,17.07,1473,227,2277,0,21.5,5,0,1.0,3682.5,0,0,Road,None,None,0,East,Low,0,0.48,0.97,2,5.0,Excellent
2023-10-09,41,PROD_005,Automotive,SUP_E3,446,518,16.14,955,191,1529,0,12.9,3,0,1.0,2387.5,0,0,Road,None,None,0,East,Low,0,0.43,0.85,1,5.0,Excellent
2023-10-16,42,PROD_005,Automotive,SUP_E1,369,432,17.07,523,129,867,0,8.5,2,0,1.0,1307.5,0,0,Air,None,None,0,East,Critical,0,0.58,0.98,3,4.9,Excellent
2023-10-23,43,PROD_005,Automotive,SUP_E2,292,387,32.53,1451,162,1622,0,26.2,5,0,1.0,3627.5,0,0,Road,None,None,0,East,Medium,0,0.39,0.98,5,5.0,Excellent
2023-10-30,44,PROD_005,Automotive,SUP_E3,532,548,3.01,903,228,1824,0,11.5,3,0,1.0,2257.5,0,0,Road,None,None,0,North,High,0,0.47,0.89,1,5.0,Excellent
2023-11-06,45,PROD_005,Automotive,SUP_E1,545,547,0.37,1554,302,3027,0,19.9,5,0,1.0,3885.0,0,0,Road,None,None,0,East,Low,0,0.45,0.93,3,4.9,Excellent
2023-11-13,46,PROD_005,Automotive,SUP_E2,415,452,8.92,1102,178,1423,0,17.1,3,0,1.0,2755.0,0,0,Rail,None,None,0,South,Medium,0,0.34,0.95,1,5.0,Excellent
2023-11-20,47,PROD_005,Automotive,SUP_E3,477,556,16.56,546,167,1121,0,6.9,2,0,1.0,1365.0,0,5,Road,None,Tariff_Hike,1,West,Low,0,0.67,0.98,3,4.9,Excellent
2023-11-27,48,PROD_005,Automotive,SUP_E1,543,574,5.71,1044,190,1276,0,12.7,2,1,0.95,2610.0,2492,1,Air,None,None,0,South,High,0,0.72,0.86,2,4.3,Good
2023-12-04,49,PROD_005,Automotive,SUP_E2,505,625,23.76,1826,216,1731,0,20.5,3,0,1.0,4565.0,0,0,Sea,None,None,0,West,Low,0,0.44,0.95,2,4.9,Excellent
2023-12-11,50,PROD_005,Automotive,SUP_E3,492,607,23.37,1219,272,2732,0,14.1,5,0,1.0,3047.5,0,0,Road,None,None,0,West,Medium,0,0.4,0.9,2,4.8,Excellent
2023-12-18,51,PROD_005,Automotive,SUP_E1,520,511,-1.73,708,288,2888,0,9.7,5,0,1.0,1770.0,0,0,Road,None,None,0,West,Low,0,0.53,0.99,3,5.0,Excellent
2023-12-25,52,PROD_005,Automotive,SUP_E2,565,643,13.81,1168,280,2540,0,12.7,4,0,1.0,2920.0,0,0,Sea,None,None,0,South,Low,0,0.69,0.85,4,4.8,Excellent
2024-01-01,53,PROD_005,Automotive,SUP_E3,466,625,34.12,543,231,2095,0,6.1,4,0,1.0,1357.5,0,0,Road,None,None,0,North,Low,0,0.73,0.91,3,5.0,Excellent
2024-01-08,54,PROD_005,Automotive,SUP_E1,627,603,-3.83,1049,310,2818,0,12.2,4,1,0.9,2622.5,7920,0,Sea,None,None,0,East,High,0,0.76,0.99,3,4.2,Good
2024-01-15,55,PROD_005,Automotive,SUP_E2,567,560,-1.23,1917,344,3746,0,24.0,6,0,1.0,4792.5,0,2,Sea,Heatwave,Heatwave,0,East,Low,10,0.38,0.91,1,4.7,Good
2024-01-22,56,PROD_005,Automotive,SUP_E3,660,684,3.64,1233,283,2263,0,12.6,3,0,1.0,3082.5,0,0,Sea,None,None,0,South,Medium,0,0.43,0.86,4,5.0,Excellent
2024-01-29,57,PROD_005,Automotive,SUP_E1,562,603,7.3,630,311,3121,0,7.3,5,0,1.0,1575.0,0,0,Road,None,None,0,West,Medium,0,0.65,0.95,5,4.6,Excellent
2024-02-05,58,PROD_005,Automotive,SUP_E2,651,729,11.98,1112,228,1530,0,10.7,2,1,0.86,2780.0,12375,2,Road,None,None,0,North,High,0,0.84,0.98,3,4.0,Good
2024-02-12,59,PROD_005,Automotive,SUP_E3,778,789,1.41,1798,272,1828,0,16.0,2,0,1.0,4495.0,0,0,Air,None,None,0,South,Low,0,0.54,0.97,3,5.0,Excellent
2024-02-19,60,PROD_005,Automotive,SUP_E1,630,655,3.97,1143,221,1481,0,12.2,2,0,1.0,2857.5,0,4,Road,None,Tariff_Hike,1,East,Medium,0,0.45,0.93,4,4.8,Excellent
2024-02-26,61,PROD_005,Automotive,SUP_E2,865,815,-5.78,1789,371,2966,0,15.4,3,0,1.0,4472.5,0,0,Road,None,None,0,South,Medium,0,0.56,0.97,2,5.0,Excellent
2024-03-04,62,PROD_005,Automotive,SUP_E3,851,850,-0.12,939,421,3825,0,7.7,4,0,1.0,2347.5,0,0,Rail,None,None,0,East,Low,0,0.62,0.97,3,5.0,Excellent
2024-03-11,63,PROD_005,Automotive,SUP_E1,796,747,-6.16,1600,341,2729,0,15.0,3,0,1.0,4000.0,0,4,Sea,None,Port_Congestion,0,North,Critical,0,0.59,0.93,3,4.9,Excellent
2024-03-18,64,PROD_005,Automotive,SUP_E2,714,759,6.3,841,306,2448,0,7.8,3,0,1.0,2102.5,0,0,Rail,None,None,0,North,Medium,0,0.62,0.9,4,5.0,Excellent
2024-03-25,65,PROD_005,Automotive,SUP_E3,728,721,-0.96,1467,360,3272,0,14.2,4,0,1.0,3667.5,0,0,Rail,Rain,Rain,0,South,Medium,0,0.62,0.97,2,5.0,Excellent
2024-04-01,66,PROD_005,Automotive,SUP_E1,789,775,-1.77,692,338,2705,0,6.3,3,0,1.0,1730.0,0,0,Rail,None,None,0,South,Critical,0,0.72,0.87,4,5.0,Excellent
2024-04-08,67,PROD_005,Automotive,SUP_E2,754,796,5.57,1076,417,4187,0,9.5,5,1,0.87,2690.0,9984,1,Road,None,None,0,South,Critical,0,0.9,0.86,1,4.3,Good
2024-04-15,68,PROD_005,Automotive,SUP_E3,693,751,8.37,1765,243,1629,0,16.5,2,0,1.0,4412.5,0,0,Road,None,None,0,North,Low,0,0.53,0.87,3,4.8,Excellent
2024-04-22,69,PROD_005,Automotive,SUP_E1,726,762,4.96,1003,311,2489,0,9.2,3,0,1.0,2507.5,0,0,Rail,None,None,0,North,Low,0,0.55,0.86,1,5.0,Excellent
2024-04-29,70,PROD_005,Automotive,SUP_E2,676,673,-0.44,1796,374,3754,0,18.7,5,0,1.0,4490.0,0,0,Sea,None,None,0,West,Medium,0,0.48,0.86,3,4.7,Excellent
2024-05-06,71,PROD_005,Automotive,SUP_E3,664,718,8.13,1078,329,2985,0,10.5,4,0,1.0,2695.0,0,0,Road,None,None,0,South,Low,0,0.5,0.91,5,5.0,Excellent
2024-05-13,72,PROD_005,Automotive,SUP_E1,588,760,29.25,1347,291,2643,0,12.4,4,0,1.0,3367.5,0,0,Road,None,None,0,North,High,0,0.63,0.97,4,4.8,Excellent
2024-05-20,73,PROD_005,Automotive,SUP_E2,685,764,11.53,583,294,2349,0,5.3,3,0,1.0,1457.5,0,0,Sea,None,None,0,West,Low,0,0.79,1.0,5,4.9,Excellent
2024-05-27,74,PROD_005,Automotive,SUP_E3,604,743,23.01,1093,211,1419,0,10.3,2,1,0.78,2732.5,23040,1,Road,Rain,Rain,0,East,High,0,0.89,0.92,5,3.9,Warning
2024-06-03,75,PROD_005,Automotive,SUP_E1,677,678,0.15,1604,290,2321,0,16.6,3,0,1.0,4010.0,0,0,Road,None,None,0,East,Low,0,0.5,0.95,5,5.0,Excellent
2024-06-10,76,PROD_005,Automotive,SUP_E2,679,681,0.29,923,238,1596,0,9.5,2,0,1.0,2307.5,0,0,Road,None,None,0,West,Medium,0,0.54,0.98,2,5.0,Excellent
2024-06-17,77,PROD_005,Automotive,SUP_E3,674,734,8.9,1210,334,3030,0,11.5,4,0,1.0,3025.0,0,0,Road,None,None,0,West,Medium,10,0.69,0.94,1,4.8,Excellent
2024-06-24,78,PROD_005,Automotive,SUP_E1,628,656,4.46,554,311,2823,0,5.9,4,0,1.0,1385.0,0,0,Road,None,None,0,North,Low,0,0.74,0.94,1,4.9,Excellent
2024-07-01,79,PROD_005,Automotive,SUP_E2,702,716,1.99,1280,347,3155,0,12.5,4,1,0.77,3200.0,23490,1,Road,None,Tariff_Hike,1,South,Low,0,0.78,0.86,5,3.9,Warning
2024-07-08,80,PROD_005,Automotive,SUP_E3,526,607,15.4,673,260,2364,0,7.8,4,0,1.0,1682.5,0,0,Road,None,None,0,East,Medium,0,0.62,0.98,5,5.0,Excellent
2024-07-15,81,PROD_005,Automotive,SUP_E1,524,611,16.6,1240,183,1231,0,14.2,2,0,1.0,3100.0,0,0,Air,None,None,0,South,Critical,0,0.64,0.93,5,5.0,Excellent
2024-07-22,82,PROD_005,Automotive,SUP_E2,526,611,16.16,629,184,1236,0,7.2,2,0,1.0,1572.5,0,4,Air,None,Port_Congestion,0,North,Low,0,0.65,0.9,1,5.0,Excellent
2024-07-29,83,PROD_005,Automotive,SUP_E3,620,622,0.32,1340,217,1457,0,15.1,2,0,1.0,3350.0,0,0,Road,None,None,0,North,Critical,0,0.63,0.86,5,5.0,Excellent
2024-08-05,84,PROD_005,Automotive,SUP_E1,516,565,9.5,775,255,2319,0,9.6,4,0,1.0,1937.5,0,0,Sea,None,None,0,North,Low,0,0.53,0.95,3,4.9,Excellent
2024-08-12,85,PROD_005,Automotive,SUP_E2,518,549,5.98,1706,181,1217,0,21.8,2,0,1.0,4265.0,0,0,Road,None,None,0,West,Critical,0,0.44,0.86,3,5.0,Excellent
2024-08-19,86,PROD_005,Automotive,SUP_E3,422,512,21.33,1194,148,992,0,16.3,2,0,1.0,2985.0,0,0,Air,None,None,0,East,High,0,0.35,0.86,2,5.0,Excellent
2024-08-26,87,PROD_005,Automotive,SUP_E1,478,535,11.92,659,167,1123,0,8.6,2,0,1.0,1647.5,0,5,Air,None,Labor_Strike,0,East,Medium,0,0.58,0.89,1,5.0,Excellent
2024-09-02,88,PROD_005,Automotive,SUP_E2,528,571,8.14,1461,292,2932,0,17.9,5,0,1.0,3652.5,0,4,Sea,None,Port_Congestion,0,West,High,0,0.54,0.91,3,5.0,Excellent
2024-09-09,89,PROD_005,Automotive,SUP_E3,530,513,-3.21,948,293,2943,0,12.9,5,0,1.0,2370.0,0,0,Rail,None,None,0,North,High,0,0.43,0.96,1,4.8,Excellent
2024-09-16,90,PROD_005,Automotive,SUP_E1,560,557,-0.54,1558,196,1316,0,19.6,2,0,1.0,3895.0,0,0,Air,None,None,0,West,Critical,0,0.44,0.94,4,4.7,Excellent
2024-09-23,91,PROD_005,Automotive,SUP_E2,508,456,-10.24,1102,178,1194,0,16.9,2,0,1.0,2755.0,0,0,Road,None,None,0,East,Medium,0,0.34,0.88,3,4.6,Excellent
2024-09-30,92,PROD_005,Automotive,SUP_E3,554,578,4.33,524,274,2490,0,6.3,4,0,1.0,1310.0,0,0,Sea,None,None,0,West,Low,0,0.71,0.87,1,5.0,Excellent
2024-10-07,93,PROD_005,Automotive,SUP_E1,523,585,11.85,1373,224,1793,0,16.4,3,1,0.9,3432.5,5429,2,Sea,None,None,0,North,High,0,0.62,0.89,1,3.9,Good
2024-10-14,94,PROD_005,Automotive,SUP_E2,622,593,-4.66,780,308,2796,0,9.2,4,0,1.0,1950.0,0,0,Rail,None,None,0,South,Low,0,0.55,0.9,5,4.6,Excellent
2024-10-21,95,PROD_005,Automotive,SUP_E3,449,475,5.79,1342,222,2018,0,19.8,4,0,1.0,3355.0,0,0,Rail,None,None,0,West,Low,0,0.45,0.94,3,5.0,Excellent
2024-10-28,96,PROD_005,Automotive,SUP_E1,494,534,8.1,808,173,1161,0,10.6,2,0,1.0,2020.0,0,0,Air,None,None,0,South,Medium,0,0.5,0.88,5,5.0,Excellent
2024-11-04,97,PROD_005,Automotive,SUP_E2,608,602,-0.99,1608,213,1429,0,18.7,2,0,1.0,4020.0,0,0,Road,None,None,0,North,Low,0,0.5,0.96,3,5.0,Excellent
2024-11-11,98,PROD_005,Automotive,SUP_E3,510,564,10.59,1044,219,1749,0,13.0,3,0,1.0,2610.0,0,0,Sea,None,None,0,West,Medium,0,0.43,0.92,5,5.0,Excellent
2024-11-18,99,PROD_005,Automotive,SUP_E1,587,602,2.56,1728,252,2013,0,20.1,3,0,1.0,4320.0,0,0,Road,None,None,0,North,Low,0,0.43,0.96,2,5.0,Excellent
2024-11-25,100,PROD_005,Automotive,SUP_E2,590,559,-5.25,1169,207,1387,0,14.6,2,0,1.0,2922.5,0,2,Air,None,Labor_Strike,0,North,Low,0,0.39,0.97,4,5.0,Excellent
2024-12-02,101,PROD_005,Automotive,SUP_E3,658,651,-1.06,518,282,2256,0,5.6,3,0,1.0,1295.0,0,0,Road,None,None,0,South,Critical,0,0.77,0.98,5,5.0,Excellent
2024-12-09,102,PROD_005,Automotive,SUP_E1,609,655,7.55,1358,337,3382,0,14.5,5,1,0.79,3395.0,15892,0,Sea,None,None,0,North,Low,0,0.7,0.87,3,3.9,Warning
2024-12-16,103,PROD_005,Automotive,SUP_E2,585,674,15.21,684,324,3249,0,7.1,5,0,1.0,1710.0,0,0,Sea,None,None,0,West,Medium,0,0.66,0.96,4,5.0,Excellent
2024-12-23,104,PROD_005,Automotive,SUP_E3,712,742,4.21,1415,352,3200,0,13.3,4,1,0.92,3537.5,7366,2,Road,None,None,0,North,Low,1,0.71,0.95,2,4.3,Good
